event_id,user_id,event_name,event_timestamp,device_type,channel,product_id
2634,U00345,view_home,2026-08-01 07:06:41,mobile,organic_search,
2373,U00316,view_home,2026-08-01 08:16:16,mobile,email,
2374,U00316,view_product,2026-08-01 08:17:35,mobile,email,P0120
2621,U00343,view_home,2026-08-01 09:03:56,mobile,organic_search,
2622,U00343,view_product,2026-08-01 09:06:51,mobile,organic_search,P0013
2623,U00343,add_to_cart,2026-08-01 09:07:44,mobile,organic_search,P0013
2624,U00343,checkout,2026-08-01 09:08:42,mobile,organic_search,P0013
2625,U00343,purchase,2026-08-01 09:09:18,mobile,organic_search,P0013
654,U00087,view_home,2026-08-01 09:51:21,desktop,organic_search,
655,U00087,view_product,2026-08-01 09:52:27,desktop,organic_search,P0118
656,U00087,view_home,2026-08-01 09:53:03,desktop,organic_search,
657,U00087,view_product,2026-08-01 09:54:25,desktop,organic_search,P0091
658,U00087,view_home,2026-08-01 09:54:56,desktop,organic_search,
659,U00087,view_product,2026-08-01 09:56:26,desktop,organic_search,P0096
1044,U00137,view_home,2026-08-01 10:04:24,mobile,social,
1045,U00137,view_product,2026-08-01 10:05:51,mobile,social,P0036
1046,U00137,view_home,2026-08-01 10:06:50,mobile,social,
1047,U00137,view_product,2026-08-01 10:07:43,mobile,social,P0110
1048,U00137,view_home,2026-08-01 10:08:32,mobile,social,
1049,U00137,view_product,2026-08-01 10:09:57,mobile,social,P0104
324,U00045,view_home,2026-08-01 11:02:51,desktop,paid_search,
325,U00045,view_product,2026-08-01 11:03:05,desktop,paid_search,P0070
326,U00045,add_to_cart,2026-08-01 11:04:13,desktop,paid_search,P0070
1682,U00221,view_home,2026-08-01 11:39:40,desktop,social,
2181,U00289,view_home,2026-08-01 11:59:49,desktop,social,
2182,U00289,view_product,2026-08-01 12:02:22,desktop,social,P0058
2183,U00289,add_to_cart,2026-08-01 12:05:14,desktop,social,P0058
2184,U00289,checkout,2026-08-01 12:05:40,desktop,social,P0058
897,U00118,view_home,2026-08-01 12:05:55,desktop,direct,
2185,U00289,purchase,2026-08-01 12:06:11,desktop,social,P0058
898,U00118,view_product,2026-08-01 12:06:39,desktop,direct,P0014
899,U00118,view_home,2026-08-01 12:07:10,desktop,direct,
900,U00118,view_product,2026-08-01 12:09:23,desktop,direct,P0109
2810,U00366,view_home,2026-08-01 12:32:22,tablet,paid_search,
2811,U00366,view_product,2026-08-01 12:33:54,tablet,paid_search,P0015
2697,U00353,view_home,2026-08-01 12:35:38,tablet,social,
2698,U00353,view_product,2026-08-01 12:36:01,tablet,social,P0049
2699,U00353,view_home,2026-08-01 12:37:00,tablet,social,
2700,U00353,view_product,2026-08-01 12:37:22,tablet,social,P0014
2701,U00353,add_to_cart,2026-08-01 12:38:15,tablet,social,P0014
2550,U00335,view_home,2026-08-01 13:05:05,desktop,direct,
2778,U00363,view_home,2026-08-01 13:43:06,tablet,social,
2779,U00363,view_product,2026-08-01 13:44:12,tablet,social,P0064
2780,U00363,view_home,2026-08-01 13:45:22,tablet,social,
2781,U00363,view_product,2026-08-01 13:47:46,tablet,social,P0120
2818,U00368,view_home,2026-08-01 13:54:24,mobile,email,
84,U00014,view_home,2026-08-01 14:20:34,tablet,social,
85,U00014,view_product,2026-08-01 14:22:11,tablet,social,P0013
1683,U00221,view_product,2026-08-01 14:27:40,desktop,social,P0112
3423,U00449,view_home,2026-08-01 14:53:25,desktop,email,
1195,U00155,view_home,2026-08-01 15:30:57,desktop,organic_search,
1196,U00155,view_product,2026-08-01 15:31:46,desktop,organic_search,P0049
243,U00035,view_home,2026-08-01 17:58:20,tablet,direct,
244,U00035,view_product,2026-08-01 18:00:35,tablet,direct,P0053
833,U00110,view_home,2026-08-01 18:39:46,mobile,organic_search,
265,U00039,view_home,2026-08-01 19:09:06,desktop,direct,
266,U00039,view_product,2026-08-01 19:09:30,desktop,direct,P0010
267,U00039,view_home,2026-08-01 19:10:35,desktop,direct,
590,U00081,view_home,2026-08-01 19:24:34,mobile,email,
591,U00081,view_product,2026-08-01 19:25:03,mobile,email,P0023
592,U00081,view_home,2026-08-01 19:26:26,mobile,email,
834,U00110,view_product,2026-08-01 20:52:46,mobile,organic_search,P0111
835,U00110,add_to_cart,2026-08-01 20:53:20,mobile,organic_search,P0111
836,U00110,checkout,2026-08-01 20:54:03,mobile,organic_search,P0111
837,U00110,purchase,2026-08-01 20:54:45,mobile,organic_search,P0111
3746,U00495,view_home,2026-08-01 21:17:28,tablet,social,
3747,U00495,view_product,2026-08-01 21:19:18,tablet,social,P0115
1894,U00251,view_home,2026-08-01 21:39:46,tablet,organic_search,
1895,U00251,view_product,2026-08-01 21:40:33,tablet,organic_search,P0068
1896,U00251,view_home,2026-08-01 21:40:42,tablet,organic_search,
1897,U00251,view_product,2026-08-01 21:43:26,tablet,organic_search,P0050
1898,U00251,add_to_cart,2026-08-01 21:43:54,tablet,organic_search,P0050
3306,U00436,view_home,2026-08-01 21:53:49,tablet,paid_search,
3307,U00436,view_product,2026-08-01 21:55:09,tablet,paid_search,P0105
3308,U00436,add_to_cart,2026-08-01 21:58:04,tablet,paid_search,P0105
3060,U00402,view_home,2026-08-01 22:27:00,desktop,social,
3061,U00402,view_product,2026-08-01 22:27:09,desktop,social,P0016
3062,U00402,view_home,2026-08-01 22:27:57,desktop,social,
2133,U00282,view_home,2026-08-02 06:25:05,tablet,social,
2134,U00282,view_product,2026-08-02 06:26:20,tablet,social,P0081
1824,U00243,view_home,2026-08-02 06:40:27,mobile,organic_search,
1825,U00243,view_product,2026-08-02 06:40:37,mobile,organic_search,P0052
1826,U00243,view_home,2026-08-02 06:40:57,mobile,organic_search,
1827,U00243,view_product,2026-08-02 06:43:18,mobile,organic_search,P0044
1828,U00243,add_to_cart,2026-08-02 06:45:43,mobile,organic_search,P0044
1829,U00243,checkout,2026-08-02 06:46:09,mobile,organic_search,P0044
1830,U00243,purchase,2026-08-02 06:49:04,mobile,organic_search,P0044
1155,U00151,view_home,2026-08-02 07:52:06,mobile,direct,
1156,U00151,view_product,2026-08-02 07:54:48,mobile,direct,P0005
823,U00109,view_home,2026-08-02 08:15:42,desktop,direct,
327,U00045,view_home,2026-08-02 09:10:19,mobile,organic_search,
328,U00045,view_product,2026-08-02 09:11:31,mobile,organic_search,P0015
329,U00045,view_home,2026-08-02 09:13:11,mobile,organic_search,
330,U00045,view_product,2026-08-02 09:14:51,mobile,organic_search,P0017
331,U00045,add_to_cart,2026-08-02 09:17:07,mobile,organic_search,P0017
332,U00045,checkout,2026-08-02 09:20:03,mobile,organic_search,P0017
333,U00045,purchase,2026-08-02 09:20:18,mobile,organic_search,P0017
2935,U00388,view_home,2026-08-02 10:21:37,mobile,paid_search,
3097,U00407,view_home,2026-08-02 11:11:20,desktop,social,
3098,U00407,view_product,2026-08-02 11:12:01,desktop,social,P0017
3099,U00407,view_home,2026-08-02 11:13:53,desktop,social,
3100,U00407,view_product,2026-08-02 11:14:49,desktop,social,P0005
3101,U00407,view_home,2026-08-02 11:16:48,desktop,social,
3102,U00407,view_product,2026-08-02 11:18:22,desktop,social,P0001
628,U00083,view_home,2026-08-02 11:25:53,mobile,social,
2873,U00378,view_home,2026-08-02 11:38:46,desktop,paid_search,
2333,U00310,view_home,2026-08-02 12:11:19,mobile,paid_search,
2334,U00310,view_product,2026-08-02 12:11:50,mobile,paid_search,P0054
2335,U00310,add_to_cart,2026-08-02 12:12:41,mobile,paid_search,P0054
2336,U00310,checkout,2026-08-02 12:13:11,mobile,paid_search,P0054
2337,U00310,purchase,2026-08-02 12:14:02,mobile,paid_search,P0054
2936,U00388,view_product,2026-08-02 12:15:37,mobile,paid_search,P0070
2937,U00388,add_to_cart,2026-08-02 12:15:53,mobile,paid_search,P0070
2938,U00388,checkout,2026-08-02 12:18:26,mobile,paid_search,P0070
2939,U00388,purchase,2026-08-02 12:20:37,mobile,paid_search,P0070
2874,U00378,view_product,2026-08-02 12:31:46,desktop,paid_search,P0105
2875,U00378,add_to_cart,2026-08-02 12:34:39,desktop,paid_search,P0105
1988,U00261,view_home,2026-08-02 14:43:45,mobile,email,
2397,U00318,view_home,2026-08-02 14:44:15,mobile,organic_search,
2398,U00318,view_product,2026-08-02 14:45:02,mobile,organic_search,P0108
2399,U00318,view_home,2026-08-02 14:45:39,mobile,organic_search,
2400,U00318,view_product,2026-08-02 14:47:14,mobile,organic_search,P0076
761,U00099,view_home,2026-08-02 14:47:18,desktop,email,
762,U00099,view_product,2026-08-02 14:47:33,desktop,email,P0015
763,U00099,view_home,2026-08-02 14:49:24,desktop,email,
764,U00099,view_product,2026-08-02 14:49:47,desktop,email,P0045
765,U00099,view_home,2026-08-02 14:50:31,desktop,email,
766,U00099,view_product,2026-08-02 14:52:52,desktop,email,P0054
767,U00099,add_to_cart,2026-08-02 14:54:52,desktop,email,P0054
1574,U00205,view_home,2026-08-02 16:06:08,mobile,paid_search,
1575,U00205,view_product,2026-08-02 16:07:53,mobile,paid_search,P0020
1576,U00205,add_to_cart,2026-08-02 16:10:41,mobile,paid_search,P0020
3019,U00398,view_home,2026-08-02 17:13:07,mobile,organic_search,
3020,U00398,view_product,2026-08-02 17:14:31,mobile,organic_search,P0119
3021,U00398,view_home,2026-08-02 17:15:45,mobile,organic_search,
3022,U00398,view_product,2026-08-02 17:18:21,mobile,organic_search,P0064
1,U00001,view_home,2026-08-02 19:29:58,mobile,paid_search,
2,U00001,view_product,2026-08-02 19:32:25,mobile,paid_search,P0029
3,U00001,add_to_cart,2026-08-02 19:32:40,mobile,paid_search,P0029
4,U00001,checkout,2026-08-02 19:35:22,mobile,paid_search,P0029
5,U00001,purchase,2026-08-02 19:38:16,mobile,paid_search,P0029
1677,U00220,view_home,2026-08-02 20:32:44,mobile,social,
3466,U00454,view_home,2026-08-02 20:36:26,mobile,organic_search,
3467,U00454,view_product,2026-08-02 20:37:16,mobile,organic_search,P0099
3468,U00454,view_home,2026-08-02 20:38:59,mobile,organic_search,
3469,U00454,view_product,2026-08-02 20:41:19,mobile,organic_search,P0100
3470,U00454,add_to_cart,2026-08-02 20:42:07,mobile,organic_search,P0100
2443,U00323,view_home,2026-08-02 21:08:09,tablet,paid_search,
2444,U00323,view_product,2026-08-02 21:08:28,tablet,paid_search,P0044
2445,U00323,view_home,2026-08-02 21:08:59,tablet,paid_search,
2446,U00323,view_product,2026-08-02 21:10:42,tablet,paid_search,P0049
2940,U00388,view_home,2026-08-03 06:52:28,mobile,organic_search,
2941,U00388,view_product,2026-08-03 06:54:17,mobile,organic_search,P0040
2942,U00388,add_to_cart,2026-08-03 06:56:05,mobile,organic_search,P0040
262,U00039,view_home,2026-08-03 08:17:53,tablet,social,
263,U00039,view_product,2026-08-03 08:18:54,tablet,social,P0013
264,U00039,view_home,2026-08-03 08:20:06,tablet,social,
2880,U00379,view_home,2026-08-03 08:24:22,desktop,organic_search,
2881,U00379,view_product,2026-08-03 09:01:22,desktop,organic_search,P0035
1996,U00263,view_home,2026-08-03 09:34:28,desktop,organic_search,
1997,U00263,view_product,2026-08-03 09:35:48,desktop,organic_search,P0008
1998,U00263,view_home,2026-08-03 09:36:53,desktop,organic_search,
1999,U00263,view_product,2026-08-03 09:37:17,desktop,organic_search,P0102
2000,U00263,add_to_cart,2026-08-03 10:36:17,desktop,organic_search,P0102
3322,U00438,view_home,2026-08-03 10:55:14,mobile,social,
2377,U00316,view_home,2026-08-03 11:06:39,mobile,social,
2946,U00388,view_home,2026-08-03 11:16:53,desktop,paid_search,
99,U00016,view_home,2026-08-03 11:36:42,mobile,organic_search,
100,U00016,view_product,2026-08-03 11:38:20,mobile,organic_search,P0116
3554,U00467,view_home,2026-08-03 12:43:37,desktop,social,
3555,U00467,view_product,2026-08-03 12:44:04,desktop,social,P0112
3556,U00467,view_home,2026-08-03 12:45:57,desktop,social,
3557,U00467,view_product,2026-08-03 12:46:35,desktop,social,P0115
3558,U00467,add_to_cart,2026-08-03 12:46:58,desktop,social,P0115
3559,U00467,checkout,2026-08-03 12:48:17,desktop,social,P0115
3446,U00452,view_home,2026-08-03 13:36:44,tablet,email,
3447,U00452,view_product,2026-08-03 13:38:55,tablet,email,P0079
3448,U00452,add_to_cart,2026-08-03 13:40:19,tablet,email,P0079
2045,U00269,view_home,2026-08-03 13:50:07,desktop,direct,
2046,U00269,view_product,2026-08-03 13:50:23,desktop,direct,P0058
2047,U00269,add_to_cart,2026-08-03 13:51:48,desktop,direct,P0058
400,U00054,view_home,2026-08-03 14:11:13,tablet,paid_search,
401,U00054,view_product,2026-08-03 14:12:22,tablet,paid_search,P0020
402,U00054,view_home,2026-08-03 14:12:34,tablet,paid_search,
403,U00054,view_product,2026-08-03 14:14:09,tablet,paid_search,P0042
1520,U00198,view_home,2026-08-03 14:22:50,mobile,paid_search,
757,U00097,view_home,2026-08-03 16:15:11,tablet,direct,
1838,U00246,view_home,2026-08-03 16:47:48,desktop,email,
1839,U00246,view_product,2026-08-03 16:49:30,desktop,email,P0009
2896,U00381,view_home,2026-08-03 17:00:16,desktop,paid_search,
2897,U00381,view_product,2026-08-03 17:01:02,desktop,paid_search,P0055
2324,U00309,view_home,2026-08-03 18:12:18,mobile,email,
315,U00044,view_home,2026-08-03 18:33:58,mobile,paid_search,
316,U00044,view_product,2026-08-03 18:35:40,mobile,paid_search,P0057
317,U00044,add_to_cart,2026-08-03 18:37:19,mobile,paid_search,P0057
318,U00044,checkout,2026-08-03 18:37:58,mobile,paid_search,P0057
2249,U00298,view_home,2026-08-03 20:41:15,desktop,email,
2250,U00298,view_product,2026-08-03 20:43:27,desktop,email,P0056
630,U00084,view_home,2026-08-03 20:44:09,tablet,direct,
631,U00084,view_product,2026-08-03 20:44:16,tablet,direct,P0031
632,U00084,view_home,2026-08-03 20:44:47,tablet,direct,
2251,U00298,add_to_cart,2026-08-03 20:45:05,desktop,email,P0056
633,U00084,view_product,2026-08-03 20:46:49,tablet,direct,P0079
2325,U00309,view_product,2026-08-03 21:28:18,mobile,email,P0083
582,U00079,view_home,2026-08-03 22:37:29,desktop,direct,
583,U00079,view_product,2026-08-03 22:37:38,desktop,direct,P0108
584,U00079,view_home,2026-08-03 22:38:33,desktop,direct,
373,U00049,view_home,2026-08-04 06:08:23,desktop,email,
374,U00049,view_product,2026-08-04 06:09:00,desktop,email,P0038
375,U00049,view_home,2026-08-04 06:09:46,desktop,email,
376,U00049,view_product,2026-08-04 06:11:44,desktop,email,P0028
377,U00049,add_to_cart,2026-08-04 06:12:50,desktop,email,P0028
1204,U00156,view_home,2026-08-04 06:14:09,tablet,email,
1205,U00156,view_product,2026-08-04 06:15:10,tablet,email,P0107
1206,U00156,view_home,2026-08-04 06:15:43,tablet,email,
1412,U00184,view_home,2026-08-04 06:28:47,mobile,social,
1413,U00184,view_product,2026-08-04 06:29:05,mobile,social,P0034
1414,U00184,view_home,2026-08-04 06:30:29,mobile,social,
1415,U00184,view_product,2026-08-04 06:30:53,mobile,social,P0011
1416,U00184,view_home,2026-08-04 06:32:21,mobile,social,
94,U00014,view_home,2026-08-04 07:40:48,tablet,direct,
95,U00014,view_product,2026-08-04 07:43:39,tablet,direct,P0107
1395,U00181,view_home,2026-08-04 09:55:20,mobile,direct,
1396,U00181,view_product,2026-08-04 09:56:22,mobile,direct,P0096
1397,U00181,view_home,2026-08-04 09:57:09,mobile,direct,
1398,U00181,view_product,2026-08-04 09:59:39,mobile,direct,P0108
634,U00084,view_home,2026-08-04 10:27:18,tablet,organic_search,
635,U00084,view_product,2026-08-04 10:27:40,tablet,organic_search,P0052
636,U00084,add_to_cart,2026-08-04 10:28:47,tablet,organic_search,P0052
3193,U00419,view_home,2026-08-04 10:34:37,desktop,email,
350,U00048,view_home,2026-08-04 11:14:10,tablet,email,
351,U00048,view_product,2026-08-04 11:16:21,tablet,email,P0046
352,U00048,add_to_cart,2026-08-04 11:18:51,tablet,email,P0046
353,U00048,checkout,2026-08-04 11:21:25,tablet,email,P0046
354,U00048,purchase,2026-08-04 11:23:56,tablet,email,P0046
396,U00053,view_home,2026-08-04 12:42:45,mobile,organic_search,
397,U00053,view_product,2026-08-04 12:43:01,mobile,organic_search,P0079
398,U00053,view_home,2026-08-04 12:44:22,mobile,organic_search,
399,U00053,view_product,2026-08-04 12:46:51,mobile,organic_search,P0083
647,U00085,view_home,2026-08-04 16:14:16,mobile,direct,
648,U00085,view_product,2026-08-04 16:15:48,mobile,direct,P0072
2111,U00279,view_home,2026-08-04 18:34:24,tablet,paid_search,
2112,U00279,view_product,2026-08-04 18:36:04,tablet,paid_search,P0033
561,U00075,view_home,2026-08-04 18:50:53,desktop,social,
1021,U00135,view_home,2026-08-04 19:34:33,mobile,email,
1022,U00135,view_product,2026-08-04 19:36:00,mobile,email,P0115
1023,U00135,add_to_cart,2026-08-04 19:36:33,mobile,email,P0115
1667,U00218,view_home,2026-08-04 21:12:09,tablet,email,
1668,U00218,view_product,2026-08-04 21:12:54,tablet,email,P0072
1669,U00218,view_home,2026-08-04 21:14:07,tablet,email,
1670,U00218,view_product,2026-08-04 21:15:39,tablet,email,P0073
2692,U00353,view_home,2026-08-04 21:28:13,tablet,email,
2693,U00353,view_product,2026-08-04 21:29:31,tablet,email,P0018
2694,U00353,view_home,2026-08-04 21:30:32,tablet,email,
2695,U00353,view_product,2026-08-04 21:31:17,tablet,email,P0059
2696,U00353,add_to_cart,2026-08-04 21:32:15,tablet,email,P0059
1865,U00248,view_home,2026-08-04 22:12:39,mobile,paid_search,
1866,U00248,view_product,2026-08-04 22:13:42,mobile,paid_search,P0023
1867,U00248,view_home,2026-08-04 22:14:36,mobile,paid_search,
1868,U00248,view_product,2026-08-04 22:15:28,mobile,paid_search,P0018
1869,U00248,view_home,2026-08-04 22:16:31,mobile,paid_search,
1870,U00248,view_product,2026-08-04 22:17:48,mobile,paid_search,P0028
1871,U00248,add_to_cart,2026-08-04 22:20:21,mobile,paid_search,P0028
1872,U00248,checkout,2026-08-04 22:22:28,mobile,paid_search,P0028
1873,U00248,purchase,2026-08-04 22:24:03,mobile,paid_search,P0028
2686,U00352,view_home,2026-08-04 22:48:20,desktop,direct,
3225,U00425,view_home,2026-08-04 22:51:29,desktop,email,
3226,U00425,view_product,2026-08-04 22:53:56,desktop,email,P0052
3227,U00425,add_to_cart,2026-08-04 22:55:56,desktop,email,P0052
852,U00112,view_home,2026-08-05 06:18:13,tablet,organic_search,
13,U00004,view_home,2026-08-05 06:50:03,tablet,paid_search,
14,U00004,view_product,2026-08-05 06:50:36,tablet,paid_search,P0099
15,U00004,add_to_cart,2026-08-05 06:52:17,tablet,paid_search,P0099
16,U00004,checkout,2026-08-05 06:55:16,tablet,paid_search,P0099
17,U00004,purchase,2026-08-05 06:58:09,tablet,paid_search,P0099
227,U00033,view_home,2026-08-05 07:05:08,desktop,email,
228,U00033,view_product,2026-08-05 07:06:25,desktop,email,P0118
229,U00033,view_home,2026-08-05 07:07:06,desktop,email,
230,U00033,view_product,2026-08-05 07:08:31,desktop,email,P0077
1915,U00252,view_home,2026-08-05 07:59:27,desktop,email,
1916,U00252,view_product,2026-08-05 08:00:35,desktop,email,P0020
452,U00060,view_home,2026-08-05 08:01:05,mobile,social,
453,U00060,view_product,2026-08-05 08:01:49,mobile,social,P0069
1917,U00252,view_home,2026-08-05 08:02:31,desktop,email,
1918,U00252,view_product,2026-08-05 08:02:44,desktop,email,P0015
1919,U00252,add_to_cart,2026-08-05 08:05:10,desktop,email,P0015
506,U00067,view_home,2026-08-05 08:16:53,mobile,organic_search,
507,U00067,view_product,2026-08-05 08:19:22,mobile,organic_search,P0058
3057,U00401,view_home,2026-08-05 09:49:41,tablet,direct,
3058,U00401,view_product,2026-08-05 09:51:07,tablet,direct,P0117
3059,U00401,view_home,2026-08-05 09:52:09,tablet,direct,
1501,U00194,view_home,2026-08-05 09:55:49,tablet,organic_search,
1502,U00194,view_product,2026-08-05 09:57:02,tablet,organic_search,P0050
1503,U00194,view_home,2026-08-05 09:57:31,tablet,organic_search,
1504,U00194,view_product,2026-08-05 10:00:04,tablet,organic_search,P0013
454,U00060,add_to_cart,2026-08-05 10:06:49,mobile,social,P0069
455,U00060,checkout,2026-08-05 10:09:47,mobile,social,P0069
456,U00060,purchase,2026-08-05 10:11:27,mobile,social,P0069
853,U00112,view_product,2026-08-05 10:15:13,tablet,organic_search,P0002
854,U00112,add_to_cart,2026-08-05 10:17:29,tablet,organic_search,P0002
971,U00128,view_home,2026-08-05 10:19:57,mobile,email,
972,U00128,view_product,2026-08-05 10:20:13,mobile,email,P0106
973,U00128,view_home,2026-08-05 10:21:48,mobile,email,
974,U00128,view_product,2026-08-05 10:23:21,mobile,email,P0022
975,U00128,add_to_cart,2026-08-05 10:24:32,mobile,email,P0022
3118,U00410,view_home,2026-08-05 10:48:03,mobile,social,
3119,U00410,view_product,2026-08-05 10:48:42,mobile,social,P0090
3120,U00410,view_home,2026-08-05 10:49:08,mobile,social,
768,U00100,view_home,2026-08-05 11:27:58,desktop,organic_search,
769,U00100,view_product,2026-08-05 11:29:25,desktop,organic_search,P0014
770,U00100,view_home,2026-08-05 11:30:56,desktop,organic_search,
2556,U00337,view_home,2026-08-05 12:06:01,desktop,social,
2557,U00337,view_product,2026-08-05 12:07:08,desktop,social,P0117
2558,U00337,add_to_cart,2026-08-05 12:07:19,desktop,social,P0117
2559,U00337,checkout,2026-08-05 12:07:58,desktop,social,P0117
2560,U00337,purchase,2026-08-05 12:09:08,desktop,social,P0117
729,U00095,view_home,2026-08-05 12:34:26,mobile,paid_search,
730,U00095,view_product,2026-08-05 12:35:47,mobile,paid_search,P0079
731,U00095,view_home,2026-08-05 12:36:17,mobile,paid_search,
732,U00095,view_product,2026-08-05 12:36:26,mobile,paid_search,P0093
3505,U00460,view_home,2026-08-05 12:50:20,desktop,organic_search,
3506,U00460,view_product,2026-08-05 12:50:57,desktop,organic_search,P0021
3507,U00460,add_to_cart,2026-08-05 12:51:48,desktop,organic_search,P0021
3348,U00442,view_home,2026-08-05 14:01:04,desktop,email,
3349,U00442,view_product,2026-08-05 14:01:42,desktop,email,P0112
3256,U00429,view_home,2026-08-05 14:02:16,mobile,social,
3257,U00429,view_product,2026-08-05 14:02:43,mobile,social,P0042
3350,U00442,view_home,2026-08-05 14:02:50,desktop,email,
3258,U00429,view_home,2026-08-05 14:03:01,mobile,social,
3351,U00442,view_product,2026-08-05 14:03:35,desktop,email,P0099
3259,U00429,view_product,2026-08-05 14:05:52,mobile,social,P0081
135,U00022,view_home,2026-08-05 14:17:26,mobile,social,
136,U00022,view_product,2026-08-05 14:18:20,mobile,social,P0064
137,U00022,view_home,2026-08-05 14:19:16,mobile,social,
138,U00022,view_product,2026-08-05 14:19:25,mobile,social,P0025
3103,U00407,view_home,2026-08-05 14:33:14,desktop,direct,
3104,U00407,view_product,2026-08-05 14:33:42,desktop,direct,P0093
1977,U00260,view_home,2026-08-05 15:21:16,desktop,paid_search,
457,U00060,view_home,2026-08-05 15:34:35,tablet,social,
458,U00060,view_product,2026-08-05 15:35:50,tablet,social,P0003
459,U00060,view_home,2026-08-05 15:36:44,tablet,social,
849,U00112,view_home,2026-08-05 15:37:01,desktop,email,
460,U00060,view_product,2026-08-05 15:37:49,tablet,social,P0006
850,U00112,view_product,2026-08-05 15:38:56,desktop,email,P0120
461,U00060,view_home,2026-08-05 15:39:15,tablet,social,
462,U00060,view_product,2026-08-05 15:39:27,tablet,social,P0101
851,U00112,add_to_cart,2026-08-05 15:41:04,desktop,email,P0120
78,U00012,view_home,2026-08-05 16:49:56,desktop,paid_search,
463,U00060,add_to_cart,2026-08-05 17:15:27,tablet,social,P0101
2746,U00359,view_home,2026-08-05 17:27:39,tablet,email,
2747,U00359,view_product,2026-08-05 17:28:08,tablet,email,P0092
2748,U00359,view_home,2026-08-05 17:29:00,tablet,email,
2749,U00359,view_product,2026-08-05 17:31:18,tablet,email,P0082
3432,U00451,view_home,2026-08-05 18:52:01,tablet,email,
3433,U00451,view_product,2026-08-05 18:53:01,tablet,email,P0013
3434,U00451,view_home,2026-08-05 18:54:36,tablet,email,
3435,U00451,view_product,2026-08-05 18:55:47,tablet,email,P0041
3436,U00451,view_home,2026-08-05 18:56:16,tablet,email,
2776,U00363,view_home,2026-08-05 19:17:18,desktop,organic_search,
2777,U00363,view_product,2026-08-05 19:19:32,desktop,organic_search,P0022
3756,U00496,view_home,2026-08-05 22:29:44,desktop,social,
3757,U00496,view_product,2026-08-05 22:32:20,desktop,social,P0039
3758,U00496,add_to_cart,2026-08-05 22:32:41,desktop,social,P0039
3759,U00496,checkout,2026-08-05 22:33:39,desktop,social,P0039
3760,U00496,purchase,2026-08-05 22:35:48,desktop,social,P0039
618,U00083,view_home,2026-08-05 22:59:55,mobile,organic_search,
520,U00069,view_home,2026-08-06 06:49:39,tablet,social,
521,U00069,view_product,2026-08-06 06:50:57,tablet,social,P0054
522,U00069,view_home,2026-08-06 06:52:21,tablet,social,
523,U00069,view_product,2026-08-06 06:55:09,tablet,social,P0034
524,U00069,add_to_cart,2026-08-06 06:56:34,tablet,social,P0034
2403,U00319,view_home,2026-08-06 07:06:17,desktop,direct,
2404,U00319,view_product,2026-08-06 07:06:30,desktop,direct,P0101
2405,U00319,view_home,2026-08-06 07:06:51,desktop,direct,
2406,U00319,view_product,2026-08-06 07:07:13,desktop,direct,P0041
2407,U00319,add_to_cart,2026-08-06 07:07:37,desktop,direct,P0041
2408,U00319,checkout,2026-08-06 07:55:37,desktop,direct,P0041
2409,U00319,purchase,2026-08-06 07:56:09,desktop,direct,P0041
1950,U00257,view_home,2026-08-06 09:55:35,tablet,direct,
1305,U00170,view_home,2026-08-06 09:56:34,mobile,social,
1951,U00257,view_product,2026-08-06 09:56:36,tablet,direct,P0037
1306,U00170,view_product,2026-08-06 09:57:00,mobile,social,P0029
1952,U00257,view_home,2026-08-06 09:57:01,tablet,direct,
1953,U00257,view_product,2026-08-06 09:58:00,tablet,direct,P0094
1307,U00170,view_home,2026-08-06 09:58:51,mobile,social,
1954,U00257,view_home,2026-08-06 09:59:59,tablet,direct,
1308,U00170,view_product,2026-08-06 10:01:28,mobile,social,P0061
1955,U00257,view_product,2026-08-06 10:02:40,tablet,direct,P0095
1956,U00257,add_to_cart,2026-08-06 10:04:49,tablet,direct,P0095
186,U00029,view_home,2026-08-06 11:04:39,mobile,paid_search,
187,U00029,view_product,2026-08-06 11:04:54,mobile,paid_search,P0097
188,U00029,add_to_cart,2026-08-06 11:07:06,mobile,paid_search,P0097
189,U00029,checkout,2026-08-06 11:08:41,mobile,paid_search,P0097
1321,U00172,view_home,2026-08-06 11:09:24,tablet,social,
1322,U00172,view_product,2026-08-06 11:09:33,tablet,social,P0053
190,U00029,purchase,2026-08-06 11:09:59,mobile,paid_search,P0097
1254,U00162,view_home,2026-08-06 11:32:48,desktop,email,
1255,U00162,view_product,2026-08-06 11:33:37,desktop,email,P0028
1256,U00162,add_to_cart,2026-08-06 11:34:49,desktop,email,P0028
1257,U00162,checkout,2026-08-06 11:37:22,desktop,email,P0028
3611,U00473,view_home,2026-08-06 11:37:48,desktop,email,
3612,U00473,view_product,2026-08-06 11:38:47,desktop,email,P0059
1130,U00146,view_home,2026-08-06 12:47:00,mobile,paid_search,
8,U00003,view_home,2026-08-06 12:54:58,desktop,email,
1875,U00250,view_home,2026-08-06 13:29:40,tablet,direct,
1876,U00250,view_product,2026-08-06 13:31:00,tablet,direct,P0061
1877,U00250,view_home,2026-08-06 13:32:52,tablet,direct,
1878,U00250,view_product,2026-08-06 13:33:56,tablet,direct,P0036
1879,U00250,view_home,2026-08-06 13:34:02,tablet,direct,
1880,U00250,view_product,2026-08-06 13:35:13,tablet,direct,P0111
1881,U00250,add_to_cart,2026-08-06 13:36:17,tablet,direct,P0111
404,U00054,view_home,2026-08-06 15:11:06,tablet,paid_search,
405,U00054,view_product,2026-08-06 15:13:27,tablet,paid_search,P0006
9,U00003,view_product,2026-08-06 15:26:58,desktop,email,P0109
10,U00003,add_to_cart,2026-08-06 15:28:42,desktop,email,P0109
11,U00003,checkout,2026-08-06 15:31:30,desktop,email,P0109
1622,U00209,view_home,2026-08-06 15:32:08,tablet,direct,
1623,U00209,view_product,2026-08-06 15:33:18,tablet,direct,P0079
1624,U00209,view_home,2026-08-06 15:33:43,tablet,direct,
12,U00003,purchase,2026-08-06 15:34:05,desktop,email,P0109
1625,U00209,view_product,2026-08-06 15:34:34,tablet,direct,P0094
3648,U00480,view_home,2026-08-06 15:44:20,desktop,paid_search,
3649,U00480,view_product,2026-08-06 15:45:56,desktop,paid_search,P0094
2727,U00357,view_home,2026-08-06 16:14:23,mobile,organic_search,
2728,U00357,view_product,2026-08-06 16:15:32,mobile,organic_search,P0039
2729,U00357,view_home,2026-08-06 16:16:23,mobile,organic_search,
2730,U00357,view_product,2026-08-06 16:17:37,mobile,organic_search,P0022
2731,U00357,view_home,2026-08-06 16:18:36,mobile,organic_search,
319,U00045,view_home,2026-08-06 18:03:55,desktop,social,
320,U00045,view_product,2026-08-06 18:06:27,desktop,social,P0003
321,U00045,add_to_cart,2026-08-06 18:08:56,desktop,social,P0003
322,U00045,checkout,2026-08-06 18:10:03,desktop,social,P0003
323,U00045,purchase,2026-08-06 18:12:43,desktop,social,P0003
2861,U00376,view_home,2026-08-06 18:50:33,tablet,email,
3658,U00481,view_home,2026-08-06 21:14:04,mobile,organic_search,
3659,U00481,view_product,2026-08-06 21:16:23,mobile,organic_search,P0102
3660,U00481,add_to_cart,2026-08-06 21:16:43,mobile,organic_search,P0102
3661,U00481,checkout,2026-08-06 21:18:42,mobile,organic_search,P0102
3662,U00481,purchase,2026-08-06 21:19:37,mobile,organic_search,P0102
2302,U00305,view_home,2026-08-07 08:40:04,tablet,direct,
2303,U00305,view_product,2026-08-07 08:40:45,tablet,direct,P0107
2304,U00305,add_to_cart,2026-08-07 08:42:27,tablet,direct,P0107
1324,U00173,view_home,2026-08-07 08:49:03,mobile,social,
1325,U00173,view_product,2026-08-07 08:51:47,mobile,social,P0033
1326,U00173,add_to_cart,2026-08-07 08:52:47,mobile,social,P0033
1327,U00173,checkout,2026-08-07 08:54:58,mobile,social,P0033
1328,U00173,purchase,2026-08-07 08:57:09,mobile,social,P0033
2635,U00345,view_home,2026-08-07 09:50:32,tablet,organic_search,
2636,U00345,view_product,2026-08-07 09:51:11,tablet,organic_search,P0120
2637,U00345,view_home,2026-08-07 09:52:18,tablet,organic_search,
1333,U00174,view_home,2026-08-07 09:54:14,tablet,direct,
2638,U00345,view_product,2026-08-07 09:54:15,tablet,organic_search,P0049
1334,U00174,view_product,2026-08-07 09:54:35,tablet,direct,P0101
1335,U00174,add_to_cart,2026-08-07 09:54:44,tablet,direct,P0101
2639,U00345,add_to_cart,2026-08-07 09:55:50,tablet,organic_search,P0049
758,U00098,view_home,2026-08-07 10:42:36,desktop,social,
759,U00098,view_product,2026-08-07 10:44:38,desktop,social,P0096
760,U00098,add_to_cart,2026-08-07 10:47:16,desktop,social,P0096
3721,U00491,view_home,2026-08-07 12:00:28,tablet,organic_search,
3722,U00491,view_product,2026-08-07 12:01:35,tablet,organic_search,P0097
3723,U00491,view_home,2026-08-07 12:02:11,tablet,organic_search,
1709,U00227,view_home,2026-08-07 13:23:07,tablet,organic_search,
1710,U00227,view_product,2026-08-07 13:25:13,tablet,organic_search,P0042
1711,U00227,add_to_cart,2026-08-07 13:27:59,tablet,organic_search,P0042
1712,U00227,checkout,2026-08-07 13:30:10,tablet,organic_search,P0042
1713,U00227,purchase,2026-08-07 13:32:49,tablet,organic_search,P0042
923,U00121,view_home,2026-08-07 14:24:40,desktop,paid_search,
2525,U00332,view_home,2026-08-07 15:10:56,mobile,direct,
2888,U00380,view_home,2026-08-07 15:18:44,mobile,paid_search,
2889,U00380,view_product,2026-08-07 15:18:52,mobile,paid_search,P0030
2890,U00380,view_home,2026-08-07 15:19:51,mobile,paid_search,
2891,U00380,view_product,2026-08-07 15:20:45,mobile,paid_search,P0019
2892,U00380,view_home,2026-08-07 15:21:35,mobile,paid_search,
2893,U00380,view_product,2026-08-07 15:23:21,mobile,paid_search,P0001
2526,U00332,view_product,2026-08-07 15:51:56,mobile,direct,P0058
2882,U00379,view_home,2026-08-07 15:52:24,tablet,email,
2883,U00379,view_product,2026-08-07 15:52:54,tablet,email,P0018
2884,U00379,view_home,2026-08-07 15:54:00,tablet,email,
2527,U00332,add_to_cart,2026-08-07 15:54:02,mobile,direct,P0058
2528,U00332,checkout,2026-08-07 15:54:59,mobile,direct,P0058
3493,U00458,view_home,2026-08-07 16:12:38,desktop,paid_search,
3494,U00458,view_product,2026-08-07 16:13:58,desktop,paid_search,P0032
3495,U00458,view_home,2026-08-07 16:14:13,desktop,paid_search,
3496,U00458,view_product,2026-08-07 16:14:36,desktop,paid_search,P0052
3497,U00458,view_home,2026-08-07 16:15:59,desktop,paid_search,
2529,U00332,purchase,2026-08-07 16:58:59,mobile,direct,P0058
305,U00044,view_home,2026-08-07 18:17:06,desktop,direct,
306,U00044,view_product,2026-08-07 18:18:22,desktop,direct,P0042
307,U00044,view_home,2026-08-07 18:19:45,desktop,direct,
1718,U00229,view_home,2026-08-07 18:28:45,tablet,direct,
1719,U00229,view_product,2026-08-07 18:29:28,tablet,direct,P0042
976,U00129,view_home,2026-08-07 19:06:53,desktop,organic_search,
977,U00129,view_product,2026-08-07 19:08:46,desktop,organic_search,P0050
2876,U00378,view_home,2026-08-07 19:11:08,tablet,paid_search,
978,U00129,add_to_cart,2026-08-07 19:11:13,desktop,organic_search,P0050
2877,U00378,view_product,2026-08-07 19:11:14,tablet,paid_search,P0078
2878,U00378,view_home,2026-08-07 19:11:31,tablet,paid_search,
979,U00129,checkout,2026-08-07 19:13:48,desktop,organic_search,P0050
980,U00129,purchase,2026-08-07 19:14:37,desktop,organic_search,P0050
2038,U00268,view_home,2026-08-07 19:25:52,desktop,organic_search,
2039,U00268,view_product,2026-08-07 19:26:19,desktop,organic_search,P0049
2040,U00268,view_home,2026-08-07 19:27:41,desktop,organic_search,
2041,U00268,view_product,2026-08-07 19:30:28,desktop,organic_search,P0064
3135,U00413,view_home,2026-08-07 19:33:46,desktop,paid_search,
3136,U00413,view_product,2026-08-07 19:34:14,desktop,paid_search,P0035
3137,U00413,view_home,2026-08-07 19:34:22,desktop,paid_search,
3138,U00413,view_product,2026-08-07 19:36:00,desktop,paid_search,P0003
3139,U00413,add_to_cart,2026-08-07 19:36:29,desktop,paid_search,P0003
3140,U00413,checkout,2026-08-07 19:38:18,desktop,paid_search,P0003
3141,U00413,purchase,2026-08-07 19:38:39,desktop,paid_search,P0003
2879,U00378,view_product,2026-08-07 19:49:31,tablet,paid_search,P0094
139,U00022,view_home,2026-08-07 20:10:14,mobile,paid_search,
140,U00022,view_product,2026-08-07 20:11:25,mobile,paid_search,P0060
141,U00022,view_home,2026-08-07 20:11:36,mobile,paid_search,
142,U00022,view_product,2026-08-07 20:12:15,mobile,paid_search,P0023
143,U00022,add_to_cart,2026-08-07 20:15:13,mobile,paid_search,P0023
308,U00044,view_product,2026-08-07 20:52:45,desktop,direct,P0004
1014,U00135,view_home,2026-08-07 22:50:16,desktop,social,
1015,U00135,view_product,2026-08-07 22:51:52,desktop,social,P0100
917,U00120,view_home,2026-08-08 07:38:45,desktop,email,
918,U00120,view_product,2026-08-08 07:40:07,desktop,email,P0006
919,U00120,view_home,2026-08-08 07:40:39,desktop,email,
2255,U00298,view_home,2026-08-08 07:55:39,tablet,social,
2256,U00298,view_product,2026-08-08 07:55:57,tablet,social,P0106
2257,U00298,view_home,2026-08-08 07:57:13,tablet,social,
2258,U00298,view_product,2026-08-08 08:00:02,tablet,social,P0101
2259,U00298,add_to_cart,2026-08-08 08:01:42,tablet,social,P0101
2260,U00298,checkout,2026-08-08 08:03:43,tablet,social,P0101
3121,U00411,view_home,2026-08-08 08:17:56,mobile,paid_search,
29,U00006,view_home,2026-08-08 08:46:56,tablet,paid_search,
30,U00006,view_product,2026-08-08 08:48:17,tablet,paid_search,P0009
31,U00006,view_home,2026-08-08 08:49:11,tablet,paid_search,
32,U00006,view_product,2026-08-08 08:51:34,tablet,paid_search,P0102
33,U00006,add_to_cart,2026-08-08 08:51:44,tablet,paid_search,P0102
877,U00116,view_home,2026-08-08 10:09:28,tablet,social,
493,U00065,view_home,2026-08-08 10:45:55,mobile,direct,
494,U00065,view_product,2026-08-08 10:46:36,mobile,direct,P0089
495,U00065,view_home,2026-08-08 10:47:43,mobile,direct,
496,U00065,view_product,2026-08-08 10:48:13,mobile,direct,P0016
497,U00065,view_home,2026-08-08 10:48:35,mobile,direct,
2343,U00312,view_home,2026-08-08 10:54:08,desktop,email,
3419,U00448,view_home,2026-08-08 11:14:24,mobile,direct,
3420,U00448,view_product,2026-08-08 11:15:38,mobile,direct,P0057
3430,U00450,view_home,2026-08-08 12:26:21,desktop,paid_search,
3431,U00450,view_product,2026-08-08 12:28:25,desktop,paid_search,P0094
2344,U00312,view_product,2026-08-08 14:11:08,desktop,email,P0060
2345,U00312,add_to_cart,2026-08-08 14:12:24,desktop,email,P0060
3052,U00401,view_home,2026-08-08 14:21:29,tablet,organic_search,
3053,U00401,view_product,2026-08-08 14:21:56,tablet,organic_search,P0014
3054,U00401,add_to_cart,2026-08-08 14:22:57,tablet,organic_search,P0014
3055,U00401,checkout,2026-08-08 14:23:10,tablet,organic_search,P0014
3056,U00401,purchase,2026-08-08 14:25:58,tablet,organic_search,P0014
1299,U00168,view_home,2026-08-08 14:45:56,tablet,direct,
1300,U00168,view_product,2026-08-08 14:46:09,tablet,direct,P0062
1301,U00168,add_to_cart,2026-08-08 14:48:48,tablet,direct,P0062
1302,U00168,checkout,2026-08-08 14:49:06,tablet,direct,P0062
2894,U00380,view_home,2026-08-08 14:57:11,desktop,organic_search,
1323,U00172,view_home,2026-08-08 15:27:43,desktop,direct,
2668,U00349,view_home,2026-08-08 16:25:41,mobile,paid_search,
2669,U00349,view_product,2026-08-08 16:27:08,mobile,paid_search,P0110
2670,U00349,add_to_cart,2026-08-08 16:28:55,mobile,paid_search,P0110
249,U00036,view_home,2026-08-08 17:47:28,desktop,direct,
250,U00036,view_product,2026-08-08 17:48:38,desktop,direct,P0091
251,U00036,view_home,2026-08-08 17:49:17,desktop,direct,
3745,U00495,view_home,2026-08-08 17:49:58,desktop,email,
252,U00036,view_product,2026-08-08 17:51:25,desktop,direct,P0120
253,U00036,add_to_cart,2026-08-08 17:53:11,desktop,direct,P0120
254,U00036,checkout,2026-08-08 17:53:53,desktop,direct,P0120
34,U00006,view_home,2026-08-08 18:24:36,tablet,email,
35,U00006,view_product,2026-08-08 18:24:55,tablet,email,P0038
36,U00006,view_home,2026-08-08 18:25:55,tablet,email,
2309,U00306,view_home,2026-08-08 18:38:32,desktop,direct,
2310,U00306,view_product,2026-08-08 18:39:10,desktop,direct,P0061
3718,U00490,view_home,2026-08-08 19:08:36,desktop,email,
3719,U00490,view_product,2026-08-08 19:08:59,desktop,email,P0117
3720,U00490,view_home,2026-08-08 19:09:35,desktop,email,
1551,U00203,view_home,2026-08-08 19:27:49,desktop,paid_search,
1552,U00203,view_product,2026-08-08 19:28:30,desktop,paid_search,P0002
1553,U00203,view_home,2026-08-08 19:29:18,desktop,paid_search,
1554,U00203,view_product,2026-08-08 19:29:37,desktop,paid_search,P0040
1555,U00203,view_home,2026-08-08 19:30:39,desktop,paid_search,
1556,U00203,view_product,2026-08-08 19:33:04,desktop,paid_search,P0080
1557,U00203,add_to_cart,2026-08-08 19:34:18,desktop,paid_search,P0080
1454,U00189,view_home,2026-08-08 19:59:01,tablet,paid_search,
1455,U00189,view_product,2026-08-08 20:00:02,tablet,paid_search,P0032
1456,U00189,view_home,2026-08-08 20:01:41,tablet,paid_search,
174,U00027,view_home,2026-08-08 20:09:33,desktop,email,
1113,U00143,view_home,2026-08-08 20:17:10,desktop,direct,
1114,U00143,view_product,2026-08-08 20:17:48,desktop,direct,P0107
1115,U00143,view_home,2026-08-08 20:18:59,desktop,direct,
1528,U00200,view_home,2026-08-08 21:50:02,desktop,social,
2378,U00317,view_home,2026-08-08 21:50:10,mobile,social,
2379,U00317,view_product,2026-08-08 21:52:42,mobile,social,P0065
37,U00006,view_product,2026-08-08 22:04:55,tablet,email,P0099
2717,U00356,view_home,2026-08-09 07:48:36,mobile,organic_search,
2718,U00356,view_product,2026-08-09 07:49:49,mobile,organic_search,P0024
2719,U00356,view_home,2026-08-09 07:50:45,mobile,organic_search,
2720,U00356,view_product,2026-08-09 07:50:52,mobile,organic_search,P0051
2721,U00356,view_home,2026-08-09 07:52:08,mobile,organic_search,
2491,U00328,view_home,2026-08-09 08:47:52,mobile,social,
2492,U00328,view_product,2026-08-09 08:49:14,mobile,social,P0074
2493,U00328,view_home,2026-08-09 08:51:09,mobile,social,
2494,U00328,view_product,2026-08-09 08:52:57,mobile,social,P0081
2495,U00328,add_to_cart,2026-08-09 08:55:06,mobile,social,P0081
2496,U00328,checkout,2026-08-09 08:57:09,mobile,social,P0081
2497,U00328,purchase,2026-08-09 08:58:00,mobile,social,P0081
1077,U00140,view_home,2026-08-09 09:38:46,mobile,direct,
1078,U00140,view_product,2026-08-09 09:39:49,mobile,direct,P0019
1079,U00140,view_home,2026-08-09 09:40:34,mobile,direct,
202,U00031,view_home,2026-08-09 10:59:37,desktop,organic_search,
3243,U00427,view_home,2026-08-09 11:04:01,tablet,email,
3620,U00474,view_home,2026-08-09 11:47:43,desktop,direct,
3621,U00474,view_product,2026-08-09 11:49:39,desktop,direct,P0099
2530,U00333,view_home,2026-08-09 11:57:17,tablet,direct,
2531,U00333,view_product,2026-08-09 11:59:17,tablet,direct,P0063
2532,U00333,add_to_cart,2026-08-09 12:00:06,tablet,direct,P0063
2533,U00333,checkout,2026-08-09 13:00:06,tablet,direct,P0063
2534,U00333,purchase,2026-08-09 13:01:54,tablet,direct,P0063
3238,U00426,view_home,2026-08-09 14:31:04,tablet,direct,
3239,U00426,view_product,2026-08-09 14:33:20,tablet,direct,P0036
3240,U00426,add_to_cart,2026-08-09 14:35:42,tablet,direct,P0036
489,U00065,view_home,2026-08-09 15:38:18,mobile,direct,
490,U00065,view_product,2026-08-09 15:38:54,mobile,direct,P0015
491,U00065,view_home,2026-08-09 15:39:02,mobile,direct,
492,U00065,view_product,2026-08-09 15:40:49,mobile,direct,P0041
2504,U00330,view_home,2026-08-09 15:45:56,mobile,direct,
291,U00043,view_home,2026-08-09 17:26:12,desktop,organic_search,
292,U00043,view_product,2026-08-09 17:26:21,desktop,organic_search,P0075
293,U00043,view_home,2026-08-09 17:27:12,desktop,organic_search,
294,U00043,view_product,2026-08-09 17:28:35,desktop,organic_search,P0040
295,U00043,add_to_cart,2026-08-09 17:29:34,desktop,organic_search,P0040
296,U00043,checkout,2026-08-09 17:31:15,desktop,organic_search,P0040
747,U00096,view_home,2026-08-09 17:31:46,mobile,paid_search,
297,U00043,purchase,2026-08-09 17:32:05,desktop,organic_search,P0040
748,U00096,view_product,2026-08-09 17:32:45,mobile,paid_search,P0102
749,U00096,view_home,2026-08-09 17:33:38,mobile,paid_search,
750,U00096,view_product,2026-08-09 17:35:48,mobile,paid_search,P0033
1735,U00231,view_home,2026-08-09 17:41:30,mobile,direct,
1736,U00231,view_product,2026-08-09 17:42:52,mobile,direct,P0120
1737,U00231,view_home,2026-08-09 17:43:51,mobile,direct,
1738,U00231,view_product,2026-08-09 17:45:47,mobile,direct,P0115
3241,U00426,checkout,2026-08-09 17:57:42,tablet,direct,P0036
3242,U00426,purchase,2026-08-09 18:00:14,tablet,direct,P0036
1941,U00256,view_home,2026-08-09 18:20:33,tablet,organic_search,
1942,U00256,view_product,2026-08-09 18:22:12,tablet,organic_search,P0040
3203,U00420,view_home,2026-08-09 18:26:22,desktop,email,
3204,U00420,view_product,2026-08-09 18:27:46,desktop,email,P0018
2943,U00388,view_home,2026-08-09 18:47:29,tablet,organic_search,
2944,U00388,view_product,2026-08-09 18:48:15,tablet,organic_search,P0043
2945,U00388,add_to_cart,2026-08-09 18:50:25,tablet,organic_search,P0043
2586,U00341,view_home,2026-08-09 19:00:49,mobile,paid_search,
2587,U00341,view_product,2026-08-09 19:00:54,mobile,paid_search,P0002
2588,U00341,view_home,2026-08-09 19:02:49,mobile,paid_search,
2589,U00341,view_product,2026-08-09 19:03:58,mobile,paid_search,P0094
2590,U00341,view_home,2026-08-09 19:05:35,mobile,paid_search,
2591,U00341,view_product,2026-08-09 19:07:29,mobile,paid_search,P0020
914,U00119,view_home,2026-08-09 20:11:53,tablet,organic_search,
915,U00119,view_product,2026-08-09 20:12:31,tablet,organic_search,P0020
916,U00119,add_to_cart,2026-08-09 20:13:32,tablet,organic_search,P0020
2905,U00384,view_home,2026-08-09 20:36:09,tablet,paid_search,
2906,U00384,view_product,2026-08-09 20:38:33,tablet,paid_search,P0050
2907,U00384,add_to_cart,2026-08-09 20:39:02,tablet,paid_search,P0050
1943,U00256,add_to_cart,2026-08-09 21:41:12,tablet,organic_search,P0040
1944,U00256,checkout,2026-08-09 21:42:31,tablet,organic_search,P0040
1945,U00256,purchase,2026-08-09 21:44:33,tablet,organic_search,P0040
2505,U00331,view_home,2026-08-09 21:50:45,desktop,email,
2506,U00331,view_product,2026-08-09 21:52:15,desktop,email,P0061
2507,U00331,view_home,2026-08-09 21:52:40,desktop,email,
435,U00058,view_home,2026-08-09 21:53:33,mobile,organic_search,
2508,U00331,view_product,2026-08-09 21:55:18,desktop,email,P0056
436,U00058,view_product,2026-08-09 21:55:53,mobile,organic_search,P0083
2509,U00331,add_to_cart,2026-08-09 21:57:23,desktop,email,P0056
1270,U00165,view_home,2026-08-09 22:13:32,tablet,paid_search,
1271,U00165,view_product,2026-08-09 22:14:57,tablet,paid_search,P0010
1272,U00165,view_home,2026-08-09 22:16:35,tablet,paid_search,
3386,U00446,view_home,2026-08-09 22:51:07,tablet,paid_search,
3387,U00446,view_product,2026-08-09 22:52:26,tablet,paid_search,P0086
3388,U00446,view_home,2026-08-09 22:52:48,tablet,paid_search,
3389,U00446,view_product,2026-08-09 22:54:10,tablet,paid_search,P0034
3390,U00446,view_home,2026-08-09 22:55:56,tablet,paid_search,
3391,U00446,view_product,2026-08-09 22:56:24,tablet,paid_search,P0100
3392,U00446,add_to_cart,2026-08-09 22:57:09,tablet,paid_search,P0100
2510,U00331,checkout,2026-08-09 23:08:23,desktop,email,P0056
2511,U00331,purchase,2026-08-09 23:11:05,desktop,email,P0056
1273,U00165,view_product,2026-08-10 01:00:35,tablet,paid_search,P0034
2178,U00288,view_home,2026-08-10 06:31:32,desktop,direct,
2179,U00288,view_product,2026-08-10 06:32:38,desktop,direct,P0059
2180,U00288,view_home,2026-08-10 06:34:03,desktop,direct,
2844,U00373,view_home,2026-08-10 06:47:51,desktop,paid_search,
2845,U00373,view_product,2026-08-10 06:50:22,desktop,paid_search,P0054
1452,U00188,view_home,2026-08-10 07:01:12,mobile,direct,
1453,U00188,view_product,2026-08-10 07:02:24,mobile,direct,P0010
3482,U00456,view_home,2026-08-10 07:44:22,tablet,social,
2200,U00290,view_home,2026-08-10 08:19:34,tablet,email,
2201,U00290,view_product,2026-08-10 08:22:03,tablet,email,P0108
445,U00059,view_home,2026-08-10 08:30:17,desktop,email,
446,U00059,view_product,2026-08-10 08:30:39,desktop,email,P0098
447,U00059,view_home,2026-08-10 08:32:14,desktop,email,
448,U00059,view_product,2026-08-10 08:32:42,desktop,email,P0118
449,U00059,add_to_cart,2026-08-10 08:33:28,desktop,email,P0118
208,U00031,view_home,2026-08-10 08:42:57,tablet,email,
209,U00031,view_product,2026-08-10 08:43:17,tablet,email,P0072
210,U00031,view_home,2026-08-10 08:44:59,tablet,email,
211,U00031,view_product,2026-08-10 08:45:57,tablet,email,P0078
212,U00031,view_home,2026-08-10 08:47:18,tablet,email,
2202,U00290,add_to_cart,2026-08-10 09:24:03,tablet,email,P0108
547,U00073,view_home,2026-08-10 09:37:25,tablet,social,
548,U00073,view_product,2026-08-10 09:38:58,tablet,social,P0052
2606,U00342,view_home,2026-08-10 10:37:45,desktop,social,
2607,U00342,view_product,2026-08-10 10:38:10,desktop,social,P0002
2608,U00342,view_home,2026-08-10 10:38:29,desktop,social,
2609,U00342,view_product,2026-08-10 10:38:45,desktop,social,P0083
2610,U00342,view_home,2026-08-10 10:40:21,desktop,social,
3174,U00417,view_home,2026-08-10 12:30:09,mobile,organic_search,
3175,U00417,view_product,2026-08-10 12:31:09,mobile,organic_search,P0032
2109,U00278,view_home,2026-08-10 12:36:29,mobile,email,
2110,U00278,view_product,2026-08-10 12:36:45,mobile,email,P0106
1932,U00255,view_home,2026-08-10 12:47:19,mobile,social,
717,U00093,view_home,2026-08-10 12:55:03,tablet,paid_search,
718,U00093,view_product,2026-08-10 12:56:29,tablet,paid_search,P0095
719,U00093,add_to_cart,2026-08-10 12:57:03,tablet,paid_search,P0095
720,U00093,checkout,2026-08-10 12:59:05,tablet,paid_search,P0095
721,U00093,purchase,2026-08-10 12:59:39,tablet,paid_search,P0095
182,U00028,view_home,2026-08-10 13:55:40,desktop,social,
257,U00038,view_home,2026-08-10 14:07:44,tablet,direct,
1336,U00174,view_home,2026-08-10 14:35:11,tablet,direct,
1337,U00174,view_product,2026-08-10 14:35:28,tablet,direct,P0012
1933,U00255,view_product,2026-08-10 15:29:19,mobile,social,P0021
2161,U00287,view_home,2026-08-10 16:06:56,tablet,direct,
2162,U00287,view_product,2026-08-10 16:09:04,tablet,direct,P0007
2163,U00287,add_to_cart,2026-08-10 16:11:03,tablet,direct,P0007
2164,U00287,checkout,2026-08-10 16:13:17,tablet,direct,P0007
2165,U00287,purchase,2026-08-10 16:15:48,tablet,direct,P0007
1584,U00205,view_home,2026-08-10 17:56:46,tablet,paid_search,
1585,U00205,view_product,2026-08-10 17:57:41,tablet,paid_search,P0041
1586,U00205,add_to_cart,2026-08-10 17:57:56,tablet,paid_search,P0041
901,U00118,view_home,2026-08-10 18:57:18,mobile,organic_search,
902,U00118,view_product,2026-08-10 18:58:29,mobile,organic_search,P0053
903,U00118,view_home,2026-08-10 19:00:03,mobile,organic_search,
904,U00118,view_product,2026-08-10 19:00:55,mobile,organic_search,P0059
1948,U00257,view_home,2026-08-10 19:02:01,mobile,email,
905,U00118,view_home,2026-08-10 19:02:35,mobile,organic_search,
906,U00118,view_product,2026-08-10 19:03:17,mobile,organic_search,P0006
1949,U00257,view_product,2026-08-10 19:04:03,mobile,email,P0050
3567,U00467,view_home,2026-08-10 19:16:12,mobile,organic_search,
3568,U00467,view_product,2026-08-10 19:18:29,mobile,organic_search,P0023
3569,U00467,add_to_cart,2026-08-10 19:18:37,mobile,organic_search,P0023
3570,U00467,checkout,2026-08-10 19:19:15,mobile,organic_search,P0023
3571,U00467,purchase,2026-08-10 19:19:45,mobile,organic_search,P0023
2900,U00382,view_home,2026-08-10 20:09:32,tablet,paid_search,
2901,U00382,view_product,2026-08-10 20:11:42,tablet,paid_search,P0041
2581,U00340,view_home,2026-08-10 20:55:13,mobile,organic_search,
3366,U00444,view_home,2026-08-10 22:36:00,tablet,organic_search,
3367,U00444,view_product,2026-08-10 22:36:45,tablet,organic_search,P0066
3368,U00444,view_home,2026-08-10 22:38:21,tablet,organic_search,
840,U00111,view_home,2026-08-10 22:44:46,mobile,social,
841,U00111,view_product,2026-08-10 22:45:29,mobile,social,P0088
2352,U00314,view_home,2026-08-11 06:00:35,desktop,direct,
2687,U00353,view_home,2026-08-11 06:23:33,tablet,direct,
2688,U00353,view_product,2026-08-11 06:25:21,tablet,direct,P0044
2689,U00353,add_to_cart,2026-08-11 06:26:41,tablet,direct,P0044
2690,U00353,checkout,2026-08-11 06:29:09,tablet,direct,P0044
3422,U00449,view_home,2026-08-11 06:29:52,tablet,organic_search,
2691,U00353,purchase,2026-08-11 06:31:45,tablet,direct,P0044
482,U00065,view_home,2026-08-11 06:34:00,desktop,social,
483,U00065,view_product,2026-08-11 06:34:09,desktop,social,P0017
484,U00065,view_home,2026-08-11 06:34:22,desktop,social,
485,U00065,view_product,2026-08-11 06:36:02,desktop,social,P0087
486,U00065,add_to_cart,2026-08-11 06:38:44,desktop,social,P0087
487,U00065,checkout,2026-08-11 06:40:26,desktop,social,P0087
488,U00065,purchase,2026-08-11 06:43:00,desktop,social,P0087
2135,U00282,view_home,2026-08-11 06:54:22,mobile,social,
2136,U00282,view_product,2026-08-11 06:54:46,mobile,social,P0012
2137,U00282,view_home,2026-08-11 06:55:38,mobile,social,
2138,U00282,view_product,2026-08-11 06:55:49,mobile,social,P0055
828,U00109,view_home,2026-08-11 06:56:33,mobile,email,
829,U00109,view_product,2026-08-11 06:57:07,mobile,email,P0055
830,U00109,view_home,2026-08-11 06:58:35,mobile,email,
831,U00109,view_product,2026-08-11 06:59:37,mobile,email,P0093
832,U00109,add_to_cart,2026-08-11 07:00:42,mobile,email,P0093
2029,U00266,view_home,2026-08-11 07:10:40,mobile,paid_search,
386,U00051,view_home,2026-08-11 07:23:25,tablet,organic_search,
2535,U00333,view_home,2026-08-11 07:24:44,tablet,organic_search,
2536,U00333,view_product,2026-08-11 07:25:00,tablet,organic_search,P0087
792,U00104,view_home,2026-08-11 07:30:17,tablet,organic_search,
793,U00104,view_product,2026-08-11 07:30:59,tablet,organic_search,P0005
794,U00104,view_home,2026-08-11 07:31:39,tablet,organic_search,
795,U00104,view_product,2026-08-11 07:33:44,tablet,organic_search,P0102
1007,U00133,view_home,2026-08-11 09:51:26,desktop,paid_search,
2857,U00375,view_home,2026-08-11 10:04:35,desktop,social,
2858,U00375,view_product,2026-08-11 10:05:54,desktop,social,P0031
3706,U00490,view_home,2026-08-11 10:27:27,mobile,organic_search,
3707,U00490,view_product,2026-08-11 10:28:24,mobile,organic_search,P0111
3708,U00490,view_home,2026-08-11 10:29:35,mobile,organic_search,
1303,U00169,view_home,2026-08-11 10:42:05,desktop,social,
1688,U00222,view_home,2026-08-11 10:58:53,desktop,organic_search,
1689,U00222,view_product,2026-08-11 11:01:21,desktop,organic_search,P0080
1690,U00222,add_to_cart,2026-08-11 11:02:41,desktop,organic_search,P0080
2959,U00391,view_home,2026-08-11 11:22:52,desktop,organic_search,
2885,U00380,view_home,2026-08-11 11:35:44,mobile,direct,
2886,U00380,view_product,2026-08-11 11:38:11,mobile,direct,P0020
2887,U00380,add_to_cart,2026-08-11 11:38:45,mobile,direct,P0020
69,U00012,view_home,2026-08-11 12:53:56,desktop,direct,
70,U00012,view_product,2026-08-11 12:54:59,desktop,direct,P0037
71,U00012,view_home,2026-08-11 12:55:58,desktop,direct,
72,U00012,view_product,2026-08-11 12:57:14,desktop,direct,P0085
73,U00012,view_home,2026-08-11 12:58:50,desktop,direct,
74,U00012,view_product,2026-08-11 12:59:53,desktop,direct,P0034
1304,U00169,view_product,2026-08-11 14:21:05,desktop,social,P0052
1084,U00141,view_home,2026-08-11 14:54:44,desktop,paid_search,
2048,U00269,view_home,2026-08-11 14:56:49,mobile,paid_search,
1085,U00141,view_product,2026-08-11 14:56:54,desktop,paid_search,P0079
1167,U00152,view_home,2026-08-11 14:57:51,desktop,direct,
2049,U00269,view_product,2026-08-11 14:57:56,mobile,paid_search,P0098
2050,U00269,view_home,2026-08-11 14:58:15,mobile,paid_search,
2960,U00391,view_product,2026-08-11 14:58:52,desktop,organic_search,P0036
1168,U00152,view_product,2026-08-11 14:59:39,desktop,direct,P0014
1169,U00152,add_to_cart,2026-08-11 15:00:35,desktop,direct,P0014
2051,U00269,view_product,2026-08-11 15:00:44,mobile,paid_search,P0040
40,U00008,view_home,2026-08-11 15:49:08,tablet,organic_search,
41,U00008,view_product,2026-08-11 15:50:34,tablet,organic_search,P0077
42,U00008,add_to_cart,2026-08-11 15:53:07,tablet,organic_search,P0077
1086,U00141,add_to_cart,2026-08-11 16:22:54,desktop,paid_search,P0079
2848,U00374,view_home,2026-08-11 16:54:26,mobile,paid_search,
2849,U00374,view_product,2026-08-11 16:55:22,mobile,paid_search,P0038
984,U00131,view_home,2026-08-11 17:03:21,mobile,paid_search,
985,U00131,view_product,2026-08-11 17:05:50,mobile,paid_search,P0007
517,U00069,view_home,2026-08-11 17:59:30,tablet,social,
518,U00069,view_product,2026-08-11 18:00:47,tablet,social,P0006
519,U00069,view_home,2026-08-11 18:02:37,tablet,social,
1855,U00248,view_home,2026-08-11 18:11:58,desktop,organic_search,
1856,U00248,view_product,2026-08-11 18:14:43,desktop,organic_search,P0083
3160,U00416,view_home,2026-08-11 18:21:52,desktop,social,
3161,U00416,view_product,2026-08-11 18:23:11,desktop,social,P0001
3162,U00416,view_home,2026-08-11 18:24:18,desktop,social,
3163,U00416,view_product,2026-08-11 18:24:54,desktop,social,P0061
3164,U00416,view_home,2026-08-11 18:25:13,desktop,social,
7,U00002,view_home,2026-08-11 18:42:33,mobile,email,
429,U00056,view_home,2026-08-11 19:07:43,mobile,organic_search,
430,U00056,view_product,2026-08-11 19:10:27,mobile,organic_search,P0053
431,U00056,add_to_cart,2026-08-11 19:12:29,mobile,organic_search,P0053
432,U00056,checkout,2026-08-11 19:14:37,mobile,organic_search,P0053
3684,U00485,view_home,2026-08-11 19:57:37,tablet,direct,
3778,U00500,view_home,2026-08-11 21:31:00,desktop,social,
3165,U00416,view_product,2026-08-11 21:54:13,desktop,social,P0046
982,U00130,view_home,2026-08-11 22:09:51,mobile,paid_search,
1765,U00235,view_home,2026-08-12 10:45:21,tablet,paid_search,
3179,U00419,view_home,2026-08-12 10:49:47,tablet,email,
3180,U00419,view_product,2026-08-12 10:51:05,tablet,email,P0114
1766,U00235,view_product,2026-08-12 11:41:21,tablet,paid_search,P0063
3083,U00406,view_home,2026-08-12 12:30:45,desktop,organic_search,
3084,U00406,view_product,2026-08-12 12:31:37,desktop,organic_search,P0019
3085,U00406,view_home,2026-08-12 12:33:21,desktop,organic_search,
3038,U00400,view_home,2026-08-12 13:20:18,mobile,social,
3039,U00400,view_product,2026-08-12 13:22:35,mobile,social,P0021
3040,U00400,add_to_cart,2026-08-12 13:24:23,mobile,social,P0021
3181,U00419,add_to_cart,2026-08-12 13:39:05,tablet,email,P0114
3593,U00470,view_home,2026-08-12 14:39:03,desktop,direct,
3594,U00470,view_product,2026-08-12 14:39:19,desktop,direct,P0076
1313,U00171,view_home,2026-08-12 14:39:46,tablet,social,
3595,U00470,add_to_cart,2026-08-12 14:40:58,desktop,direct,P0076
1314,U00171,view_product,2026-08-12 14:40:59,tablet,social,P0065
1315,U00171,view_home,2026-08-12 14:42:40,tablet,social,
1316,U00171,view_product,2026-08-12 14:43:21,tablet,social,P0005
475,U00063,view_home,2026-08-12 15:55:48,mobile,email,
476,U00063,view_product,2026-08-12 15:58:30,mobile,email,P0014
3086,U00406,view_product,2026-08-12 16:04:21,desktop,organic_search,P0028
3087,U00406,add_to_cart,2026-08-12 16:06:28,desktop,organic_search,P0028
1386,U00180,view_home,2026-08-12 16:24:07,desktop,social,
1387,U00180,view_product,2026-08-12 16:25:15,desktop,social,P0088
1136,U00148,view_home,2026-08-12 17:07:43,mobile,email,
1137,U00148,view_product,2026-08-12 17:08:24,mobile,email,P0079
1138,U00148,add_to_cart,2026-08-12 17:10:17,mobile,email,P0079
1309,U00170,view_home,2026-08-12 17:20:42,tablet,social,
1310,U00170,view_product,2026-08-12 17:23:22,tablet,social,P0034
641,U00085,view_home,2026-08-12 17:23:45,tablet,direct,
2095,U00275,view_home,2026-08-12 17:43:44,desktop,direct,
508,U00067,view_home,2026-08-12 19:58:37,desktop,direct,
509,U00067,view_product,2026-08-12 19:58:49,desktop,direct,P0107
510,U00067,view_home,2026-08-12 19:59:09,desktop,direct,
511,U00067,view_product,2026-08-12 20:00:20,desktop,direct,P0020
512,U00067,view_home,2026-08-12 20:01:03,desktop,direct,
513,U00067,view_product,2026-08-12 20:02:08,desktop,direct,P0065
514,U00067,add_to_cart,2026-08-12 20:03:28,desktop,direct,P0065
1080,U00140,view_home,2026-08-12 20:10:48,desktop,direct,
1081,U00140,view_product,2026-08-12 20:11:15,desktop,direct,P0041
1082,U00140,view_home,2026-08-12 20:12:41,desktop,direct,
1083,U00140,view_product,2026-08-12 20:13:42,desktop,direct,P0043
1139,U00148,checkout,2026-08-12 20:32:17,mobile,email,P0079
1140,U00148,purchase,2026-08-12 20:34:39,mobile,email,P0079
1038,U00136,view_home,2026-08-12 21:50:47,mobile,social,
1039,U00136,view_product,2026-08-12 21:51:18,mobile,social,P0071
1040,U00136,add_to_cart,2026-08-12 21:52:07,mobile,social,P0071
1124,U00145,view_home,2026-08-12 21:54:47,desktop,email,
1125,U00145,view_product,2026-08-12 21:55:32,desktop,email,P0055
1126,U00145,view_home,2026-08-12 21:57:11,desktop,email,
1127,U00145,view_product,2026-08-12 21:57:30,desktop,email,P0047
1128,U00145,add_to_cart,2026-08-12 22:00:23,desktop,email,P0047
1129,U00145,checkout,2026-08-12 22:02:23,desktop,email,P0047
2997,U00395,view_home,2026-08-13 07:24:59,tablet,social,
2998,U00395,view_product,2026-08-13 07:26:28,tablet,social,P0079
2999,U00395,add_to_cart,2026-08-13 07:27:13,tablet,social,P0079
3761,U00496,view_home,2026-08-13 07:49:05,tablet,social,
1819,U00243,view_home,2026-08-13 08:32:51,desktop,paid_search,
1820,U00243,view_product,2026-08-13 08:34:11,desktop,paid_search,P0031
1821,U00243,view_home,2026-08-13 08:35:18,desktop,paid_search,
1822,U00243,view_product,2026-08-13 08:38:10,desktop,paid_search,P0004
1388,U00181,view_home,2026-08-13 08:39:18,tablet,paid_search,
1389,U00181,view_product,2026-08-13 08:39:45,tablet,paid_search,P0054
1823,U00243,add_to_cart,2026-08-13 08:40:13,desktop,paid_search,P0004
1390,U00181,view_home,2026-08-13 08:40:53,tablet,paid_search,
1391,U00181,view_product,2026-08-13 08:43:42,tablet,paid_search,P0061
1392,U00181,add_to_cart,2026-08-13 08:45:54,tablet,paid_search,P0061
1393,U00181,checkout,2026-08-13 08:48:27,tablet,paid_search,P0061
1394,U00181,purchase,2026-08-13 08:49:16,tablet,paid_search,P0061
2448,U00324,view_home,2026-08-13 09:29:22,tablet,direct,
2449,U00324,view_product,2026-08-13 09:30:32,tablet,direct,P0089
2424,U00322,view_home,2026-08-13 09:38:51,tablet,paid_search,
2425,U00322,view_product,2026-08-13 09:40:58,tablet,paid_search,P0101
3762,U00496,view_product,2026-08-13 10:14:05,tablet,social,P0028
2579,U00339,view_home,2026-08-13 10:56:56,mobile,organic_search,
2580,U00339,view_product,2026-08-13 10:59:13,mobile,organic_search,P0047
2008,U00264,view_home,2026-08-13 11:07:51,desktop,social,
2009,U00264,view_product,2026-08-13 11:08:08,desktop,social,P0119
2010,U00264,view_home,2026-08-13 11:08:40,desktop,social,
2011,U00264,view_product,2026-08-13 11:09:49,desktop,social,P0109
2012,U00264,view_home,2026-08-13 11:11:24,desktop,social,
2013,U00264,view_product,2026-08-13 11:12:19,desktop,social,P0001
2014,U00264,add_to_cart,2026-08-13 11:13:13,desktop,social,P0001
1608,U00209,view_home,2026-08-13 11:18:02,mobile,direct,
3543,U00466,view_home,2026-08-13 12:57:44,mobile,paid_search,
3544,U00466,view_product,2026-08-13 12:57:50,mobile,paid_search,P0026
3545,U00466,view_home,2026-08-13 12:58:51,mobile,paid_search,
3546,U00466,view_product,2026-08-13 13:01:29,mobile,paid_search,P0120
3547,U00466,add_to_cart,2026-08-13 13:03:11,mobile,paid_search,P0120
1836,U00245,view_home,2026-08-13 13:45:32,mobile,direct,
1837,U00245,view_product,2026-08-13 13:47:02,mobile,direct,P0042
2262,U00299,view_home,2026-08-13 13:59:37,mobile,organic_search,
2263,U00299,view_product,2026-08-13 14:00:42,mobile,organic_search,P0044
2264,U00299,view_home,2026-08-13 14:01:23,mobile,organic_search,
2265,U00299,view_product,2026-08-13 14:03:06,mobile,organic_search,P0032
1457,U00189,view_home,2026-08-13 14:23:21,tablet,organic_search,
1458,U00189,view_product,2026-08-13 14:23:52,tablet,organic_search,P0061
1459,U00189,view_home,2026-08-13 14:24:46,tablet,organic_search,
1460,U00189,view_product,2026-08-13 14:26:16,tablet,organic_search,P0067
1461,U00189,add_to_cart,2026-08-13 14:28:44,tablet,organic_search,P0067
2812,U00367,view_home,2026-08-13 14:43:31,tablet,email,
2813,U00367,view_product,2026-08-13 14:44:11,tablet,email,P0016
2814,U00367,add_to_cart,2026-08-13 14:46:01,tablet,email,P0016
2067,U00273,view_home,2026-08-13 15:02:48,tablet,organic_search,
2068,U00273,view_product,2026-08-13 15:03:20,tablet,organic_search,P0037
2069,U00273,view_home,2026-08-13 15:03:58,tablet,organic_search,
2070,U00273,view_product,2026-08-13 15:05:48,tablet,organic_search,P0108
1730,U00231,view_home,2026-08-13 16:06:40,mobile,email,
1731,U00231,view_product,2026-08-13 16:07:20,mobile,email,P0108
3610,U00473,view_home,2026-08-13 16:20:23,desktop,paid_search,
1732,U00231,add_to_cart,2026-08-13 16:46:20,mobile,email,P0108
1733,U00231,checkout,2026-08-13 16:49:16,mobile,email,P0108
1734,U00231,purchase,2026-08-13 16:49:45,mobile,email,P0108
3560,U00467,view_home,2026-08-13 17:55:32,tablet,organic_search,
3561,U00467,view_product,2026-08-13 17:56:17,tablet,organic_search,P0115
3562,U00467,view_home,2026-08-13 17:57:52,tablet,organic_search,
3563,U00467,view_product,2026-08-13 17:59:33,tablet,organic_search,P0043
3564,U00467,add_to_cart,2026-08-13 18:01:24,tablet,organic_search,P0043
3565,U00467,checkout,2026-08-13 18:01:47,tablet,organic_search,P0043
3566,U00467,purchase,2026-08-13 18:04:03,tablet,organic_search,P0043
824,U00109,view_home,2026-08-13 18:32:07,desktop,email,
825,U00109,view_product,2026-08-13 18:32:47,desktop,email,P0012
826,U00109,view_home,2026-08-13 18:34:15,desktop,email,
827,U00109,view_product,2026-08-13 18:37:13,desktop,email,P0021
956,U00126,view_home,2026-08-13 20:40:51,desktop,email,
1370,U00177,view_home,2026-08-13 21:11:58,desktop,social,
1371,U00177,view_product,2026-08-13 21:14:55,desktop,social,P0046
2222,U00293,view_home,2026-08-13 21:38:16,desktop,paid_search,
2223,U00293,view_product,2026-08-13 21:39:44,desktop,paid_search,P0031
2224,U00293,view_home,2026-08-13 21:40:44,desktop,paid_search,
2415,U00321,view_home,2026-08-13 22:27:48,tablet,paid_search,
2416,U00321,view_product,2026-08-13 22:30:34,tablet,paid_search,P0082
2417,U00321,add_to_cart,2026-08-13 22:30:53,tablet,paid_search,P0082
2418,U00321,checkout,2026-08-13 22:32:52,tablet,paid_search,P0082
2419,U00321,purchase,2026-08-13 22:34:31,tablet,paid_search,P0082
1372,U00177,add_to_cart,2026-08-14 00:07:55,desktop,social,P0046
2982,U00395,view_home,2026-08-14 06:59:04,desktop,organic_search,
2983,U00395,view_product,2026-08-14 06:59:43,desktop,organic_search,P0033
2984,U00395,view_home,2026-08-14 07:01:09,desktop,organic_search,
2985,U00395,view_product,2026-08-14 07:02:27,desktop,organic_search,P0098
2986,U00395,add_to_cart,2026-08-14 07:04:30,desktop,organic_search,P0098
1904,U00251,view_home,2026-08-14 08:31:10,mobile,paid_search,
1905,U00251,view_product,2026-08-14 08:33:46,mobile,paid_search,P0070
991,U00131,view_home,2026-08-14 09:06:35,tablet,email,
992,U00131,view_product,2026-08-14 09:08:43,tablet,email,P0011
993,U00131,add_to_cart,2026-08-14 09:09:14,tablet,email,P0011
2853,U00374,view_home,2026-08-14 09:21:02,desktop,paid_search,
2626,U00344,view_home,2026-08-14 09:22:45,desktop,organic_search,
2854,U00374,view_product,2026-08-14 09:23:21,desktop,paid_search,P0074
2855,U00374,add_to_cart,2026-08-14 09:25:43,desktop,paid_search,P0074
2856,U00374,checkout,2026-08-14 09:27:06,desktop,paid_search,P0074
2574,U00339,view_home,2026-08-14 10:18:06,tablet,organic_search,
2575,U00339,view_product,2026-08-14 10:18:50,tablet,organic_search,P0022
2576,U00339,view_home,2026-08-14 10:20:27,tablet,organic_search,
2577,U00339,view_product,2026-08-14 10:23:10,tablet,organic_search,P0055
2578,U00339,add_to_cart,2026-08-14 10:25:12,tablet,organic_search,P0055
219,U00032,view_home,2026-08-14 10:49:03,tablet,organic_search,
220,U00032,view_product,2026-08-14 10:50:55,tablet,organic_search,P0021
245,U00036,view_home,2026-08-14 10:51:41,tablet,paid_search,
221,U00032,add_to_cart,2026-08-14 10:52:17,tablet,organic_search,P0021
222,U00032,checkout,2026-08-14 10:53:37,tablet,organic_search,P0021
1449,U00187,view_home,2026-08-14 12:13:27,mobile,email,
1450,U00187,view_product,2026-08-14 12:14:19,mobile,email,P0060
1451,U00187,view_home,2026-08-14 12:15:53,mobile,email,
3154,U00415,view_home,2026-08-14 12:19:42,tablet,email,
3155,U00415,view_product,2026-08-14 12:21:58,tablet,email,P0091
2929,U00387,view_home,2026-08-14 13:17:20,tablet,organic_search,
342,U00047,view_home,2026-08-14 13:49:45,mobile,paid_search,
343,U00047,view_product,2026-08-14 13:50:17,mobile,paid_search,P0053
344,U00047,add_to_cart,2026-08-14 13:51:30,mobile,paid_search,P0053
345,U00047,checkout,2026-08-14 13:53:39,mobile,paid_search,P0053
346,U00047,purchase,2026-08-14 13:54:10,mobile,paid_search,P0053
2486,U00328,view_home,2026-08-14 13:59:09,mobile,social,
2487,U00328,view_product,2026-08-14 13:59:19,mobile,social,P0004
2488,U00328,add_to_cart,2026-08-14 14:00:57,mobile,social,P0004
2489,U00328,checkout,2026-08-14 14:02:48,mobile,social,P0004
2681,U00351,view_home,2026-08-14 15:00:41,mobile,direct,
2682,U00351,view_product,2026-08-14 15:01:28,mobile,direct,P0020
2683,U00351,view_home,2026-08-14 15:03:18,mobile,direct,
2684,U00351,view_product,2026-08-14 15:03:49,mobile,direct,P0109
2685,U00351,view_home,2026-08-14 15:05:27,mobile,direct,
3675,U00483,view_home,2026-08-14 15:41:20,tablet,paid_search,
3676,U00483,view_product,2026-08-14 15:43:54,tablet,paid_search,P0087
3777,U00500,view_home,2026-08-14 16:23:41,tablet,paid_search,
3576,U00468,view_home,2026-08-14 17:36:48,mobile,direct,
3577,U00468,view_product,2026-08-14 17:37:24,mobile,direct,P0040
3578,U00468,view_home,2026-08-14 17:39:16,mobile,direct,
3579,U00468,view_product,2026-08-14 17:40:12,mobile,direct,P0011
2724,U00357,view_home,2026-08-14 17:59:20,desktop,paid_search,
2725,U00357,view_product,2026-08-14 18:00:48,desktop,paid_search,P0111
2079,U00273,view_home,2026-08-14 18:01:46,tablet,direct,
2726,U00357,add_to_cart,2026-08-14 18:01:48,desktop,paid_search,P0111
2080,U00273,view_product,2026-08-14 18:02:59,tablet,direct,P0104
2081,U00273,view_home,2026-08-14 18:04:22,tablet,direct,
2082,U00273,view_product,2026-08-14 18:05:22,tablet,direct,P0120
2083,U00273,view_home,2026-08-14 18:06:39,tablet,direct,
3127,U00412,view_home,2026-08-14 18:39:05,desktop,organic_search,
3128,U00412,view_product,2026-08-14 18:40:51,desktop,organic_search,P0064
3129,U00412,add_to_cart,2026-08-14 18:41:52,desktop,organic_search,P0064
2147,U00285,view_home,2026-08-14 18:59:09,mobile,direct,
2148,U00285,view_product,2026-08-14 18:59:30,mobile,direct,P0095
2149,U00285,add_to_cart,2026-08-14 19:01:08,mobile,direct,P0095
2084,U00273,view_product,2026-08-14 19:32:39,tablet,direct,P0035
2085,U00273,add_to_cart,2026-08-14 19:33:25,tablet,direct,P0035
1041,U00137,view_home,2026-08-14 21:36:11,desktop,paid_search,
1042,U00137,view_product,2026-08-14 21:36:21,desktop,paid_search,P0087
1043,U00137,add_to_cart,2026-08-14 21:37:13,desktop,paid_search,P0087
1234,U00160,view_home,2026-08-14 21:44:45,tablet,direct,
1235,U00160,view_product,2026-08-14 21:46:44,tablet,direct,P0107
3066,U00403,view_home,2026-08-14 21:46:51,mobile,organic_search,
3067,U00403,view_product,2026-08-14 21:47:31,mobile,organic_search,P0116
3068,U00403,add_to_cart,2026-08-14 21:48:02,mobile,organic_search,P0116
3069,U00403,checkout,2026-08-14 21:49:25,mobile,organic_search,P0116
3070,U00403,purchase,2026-08-14 21:51:24,mobile,organic_search,P0116
3110,U00409,view_home,2026-08-15 06:52:14,desktop,paid_search,
3111,U00409,view_product,2026-08-15 06:53:14,desktop,paid_search,P0029
3112,U00409,view_home,2026-08-15 06:53:40,desktop,paid_search,
3113,U00409,view_product,2026-08-15 06:53:56,desktop,paid_search,P0025
3114,U00409,view_home,2026-08-15 06:55:33,desktop,paid_search,
3668,U00483,view_home,2026-08-15 07:09:36,tablet,email,
3669,U00483,view_product,2026-08-15 07:10:39,tablet,email,P0076
3670,U00483,view_home,2026-08-15 07:11:37,tablet,email,
3671,U00483,view_product,2026-08-15 07:13:24,tablet,email,P0094
3672,U00483,add_to_cart,2026-08-15 07:14:59,tablet,email,P0094
3673,U00483,checkout,2026-08-15 07:17:00,tablet,email,P0094
3674,U00483,purchase,2026-08-15 07:19:15,tablet,email,P0094
3352,U00443,view_home,2026-08-15 08:05:00,tablet,organic_search,
3353,U00443,view_product,2026-08-15 08:06:01,tablet,organic_search,P0075
3354,U00443,view_home,2026-08-15 08:06:46,tablet,organic_search,
3355,U00443,view_product,2026-08-15 08:07:09,tablet,organic_search,P0024
924,U00121,view_home,2026-08-15 08:22:46,desktop,direct,
925,U00121,view_product,2026-08-15 08:24:13,desktop,direct,P0011
926,U00121,view_home,2026-08-15 08:25:32,desktop,direct,
927,U00121,view_product,2026-08-15 08:25:59,desktop,direct,P0048
1024,U00135,view_home,2026-08-15 08:26:47,mobile,direct,
1025,U00135,view_product,2026-08-15 08:27:26,mobile,direct,P0094
1026,U00135,view_home,2026-08-15 08:28:24,mobile,direct,
1027,U00135,view_product,2026-08-15 08:30:25,mobile,direct,P0100
1028,U00135,add_to_cart,2026-08-15 08:32:37,mobile,direct,P0100
1217,U00158,view_home,2026-08-15 09:20:50,tablet,organic_search,
1218,U00158,view_product,2026-08-15 09:21:21,tablet,organic_search,P0101
1219,U00158,add_to_cart,2026-08-15 09:24:18,tablet,organic_search,P0101
1220,U00158,checkout,2026-08-15 09:25:21,tablet,organic_search,P0101
109,U00017,view_home,2026-08-15 09:37:59,mobile,email,
110,U00017,view_product,2026-08-15 09:38:33,mobile,email,P0029
111,U00017,view_home,2026-08-15 09:38:41,mobile,email,
112,U00017,view_product,2026-08-15 09:40:00,mobile,email,P0040
2755,U00360,view_home,2026-08-15 10:58:53,desktop,organic_search,
2756,U00360,view_product,2026-08-15 10:59:26,desktop,organic_search,P0049
2757,U00360,view_home,2026-08-15 10:59:44,desktop,organic_search,
2758,U00360,view_product,2026-08-15 11:00:04,desktop,organic_search,P0023
2759,U00360,view_home,2026-08-15 11:01:16,desktop,organic_search,
2760,U00360,view_product,2026-08-15 11:03:29,desktop,organic_search,P0049
2761,U00360,add_to_cart,2026-08-15 11:06:03,desktop,organic_search,P0049
1991,U00262,view_home,2026-08-15 11:35:47,desktop,paid_search,
1992,U00262,view_product,2026-08-15 11:36:46,desktop,paid_search,P0089
1993,U00262,view_home,2026-08-15 11:38:28,desktop,paid_search,
1994,U00262,view_product,2026-08-15 11:38:47,desktop,paid_search,P0010
1995,U00262,view_home,2026-08-15 11:38:54,desktop,paid_search,
928,U00121,add_to_cart,2026-08-15 11:45:59,desktop,direct,P0048
929,U00121,checkout,2026-08-15 11:47:31,desktop,direct,P0048
930,U00121,purchase,2026-08-15 11:47:51,desktop,direct,P0048
1906,U00252,view_home,2026-08-15 11:50:01,mobile,email,
1907,U00252,view_product,2026-08-15 11:50:41,mobile,email,P0007
1908,U00252,view_home,2026-08-15 11:50:54,mobile,email,
1909,U00252,view_product,2026-08-15 11:53:10,mobile,email,P0065
2866,U00377,view_home,2026-08-15 11:54:10,mobile,paid_search,
2867,U00377,view_product,2026-08-15 11:55:05,mobile,paid_search,P0020
1910,U00252,add_to_cart,2026-08-15 11:55:34,mobile,email,P0065
2868,U00377,view_home,2026-08-15 11:56:07,mobile,paid_search,
2869,U00377,view_product,2026-08-15 11:57:49,mobile,paid_search,P0075
2870,U00377,add_to_cart,2026-08-15 12:00:03,mobile,paid_search,P0075
2871,U00377,checkout,2026-08-15 12:00:56,mobile,paid_search,P0075
2872,U00377,purchase,2026-08-15 12:01:50,mobile,paid_search,P0075
3520,U00461,view_home,2026-08-15 12:16:47,tablet,organic_search,
3521,U00461,view_product,2026-08-15 12:18:44,tablet,organic_search,P0119
2297,U00304,view_home,2026-08-15 12:22:39,mobile,email,
2298,U00304,view_product,2026-08-15 12:23:57,mobile,email,P0087
2299,U00304,view_home,2026-08-15 12:24:19,mobile,email,
2300,U00304,view_product,2026-08-15 12:25:30,mobile,email,P0086
2301,U00304,add_to_cart,2026-08-15 12:26:27,mobile,email,P0086
1311,U00170,view_home,2026-08-15 12:53:06,mobile,paid_search,
1312,U00170,view_product,2026-08-15 12:55:01,mobile,paid_search,P0014
152,U00024,view_home,2026-08-15 12:58:22,tablet,paid_search,
153,U00024,view_product,2026-08-15 13:00:29,tablet,paid_search,P0091
154,U00024,add_to_cart,2026-08-15 13:02:24,tablet,paid_search,P0091
155,U00024,checkout,2026-08-15 13:02:37,tablet,paid_search,P0091
3491,U00458,view_home,2026-08-15 14:08:20,mobile,direct,
3492,U00458,view_product,2026-08-15 14:11:09,mobile,direct,P0073
3380,U00446,view_home,2026-08-15 14:17:52,mobile,organic_search,
3381,U00446,view_product,2026-08-15 14:19:32,mobile,organic_search,P0089
3382,U00446,add_to_cart,2026-08-15 14:19:59,mobile,organic_search,P0089
2021,U00266,view_home,2026-08-15 16:05:01,mobile,email,
947,U00124,view_home,2026-08-15 16:28:48,mobile,email,
948,U00124,view_product,2026-08-15 16:29:15,mobile,email,P0023
949,U00124,view_home,2026-08-15 16:29:50,mobile,email,
950,U00124,view_product,2026-08-15 16:31:29,mobile,email,P0120
52,U00010,view_home,2026-08-15 16:42:44,desktop,organic_search,
53,U00010,view_product,2026-08-15 16:42:56,desktop,organic_search,P0030
54,U00010,view_home,2026-08-15 16:43:09,desktop,organic_search,
3478,U00454,view_home,2026-08-15 17:29:49,tablet,paid_search,
3479,U00454,view_product,2026-08-15 17:32:44,tablet,paid_search,P0005
3480,U00454,add_to_cart,2026-08-15 17:34:01,tablet,paid_search,P0005
3421,U00449,view_home,2026-08-15 18:07:55,mobile,paid_search,
2395,U00318,view_home,2026-08-15 18:33:10,mobile,organic_search,
2396,U00318,view_product,2026-08-15 18:35:58,mobile,organic_search,P0118
2660,U00349,view_home,2026-08-15 19:05:31,mobile,direct,
2661,U00349,view_product,2026-08-15 19:07:01,mobile,direct,P0018
2662,U00349,view_home,2026-08-15 19:08:14,mobile,direct,
2663,U00349,view_product,2026-08-15 19:09:47,mobile,direct,P0115
3251,U00429,view_home,2026-08-15 20:02:56,tablet,paid_search,
3252,U00429,view_product,2026-08-15 20:03:23,tablet,paid_search,P0094
3253,U00429,view_home,2026-08-15 20:05:22,tablet,paid_search,
3254,U00429,view_product,2026-08-15 20:05:46,tablet,paid_search,P0014
3255,U00429,add_to_cart,2026-08-15 20:06:03,tablet,paid_search,P0014
213,U00031,view_home,2026-08-15 20:07:15,tablet,direct,
214,U00031,view_product,2026-08-15 20:07:58,tablet,direct,P0111
215,U00031,view_home,2026-08-15 20:09:18,tablet,direct,
216,U00031,view_product,2026-08-15 20:10:17,tablet,direct,P0040
217,U00031,view_home,2026-08-15 20:11:34,tablet,direct,
218,U00031,view_product,2026-08-15 20:12:07,tablet,direct,P0058
1362,U00176,view_home,2026-08-15 20:33:59,mobile,direct,
1363,U00176,view_product,2026-08-15 20:35:10,mobile,direct,P0046
1364,U00176,add_to_cart,2026-08-15 20:36:45,mobile,direct,P0046
1365,U00176,checkout,2026-08-15 20:38:54,mobile,direct,P0046
1366,U00176,purchase,2026-08-15 20:41:28,mobile,direct,P0046
2030,U00267,view_home,2026-08-15 21:15:26,mobile,direct,
2031,U00267,view_product,2026-08-15 21:16:45,mobile,direct,P0076
2032,U00267,view_home,2026-08-15 21:17:24,mobile,direct,
1160,U00151,view_home,2026-08-15 21:22:13,mobile,email,
1161,U00151,view_product,2026-08-15 21:23:34,mobile,email,P0061
1162,U00151,view_home,2026-08-15 21:25:10,mobile,email,
1163,U00151,view_product,2026-08-15 21:25:47,mobile,email,P0072
1164,U00151,add_to_cart,2026-08-15 21:25:55,mobile,email,P0072
1165,U00151,checkout,2026-08-15 21:27:17,mobile,email,P0072
1166,U00151,purchase,2026-08-15 21:27:52,mobile,email,P0072
2947,U00389,view_home,2026-08-15 22:06:00,desktop,paid_search,
2948,U00389,view_product,2026-08-15 22:07:09,desktop,paid_search,P0067
2949,U00389,view_home,2026-08-15 22:08:47,desktop,paid_search,
2950,U00389,view_product,2026-08-15 22:10:22,desktop,paid_search,P0099
2951,U00389,add_to_cart,2026-08-15 22:11:44,desktop,paid_search,P0099
2952,U00389,checkout,2026-08-15 22:13:42,desktop,paid_search,P0099
2953,U00389,purchase,2026-08-15 22:15:29,desktop,paid_search,P0099
878,U00116,view_home,2026-08-16 06:50:13,mobile,email,
879,U00116,view_product,2026-08-16 06:50:40,mobile,email,P0120
880,U00116,view_home,2026-08-16 06:52:34,mobile,email,
881,U00116,view_product,2026-08-16 06:52:43,mobile,email,P0071
882,U00116,view_home,2026-08-16 06:54:30,mobile,email,
3151,U00414,view_home,2026-08-16 07:11:55,tablet,organic_search,
3152,U00414,view_product,2026-08-16 07:13:43,tablet,organic_search,P0036
3153,U00414,add_to_cart,2026-08-16 07:14:59,tablet,organic_search,P0036
3754,U00496,view_home,2026-08-16 10:09:24,tablet,direct,
3755,U00496,view_product,2026-08-16 10:09:55,tablet,direct,P0023
2732,U00358,view_home,2026-08-16 11:28:20,desktop,social,
2733,U00358,view_product,2026-08-16 11:29:49,desktop,social,P0069
2734,U00358,view_home,2026-08-16 11:30:50,desktop,social,
2735,U00358,view_product,2026-08-16 11:32:18,desktop,social,P0116
2736,U00358,add_to_cart,2026-08-16 11:33:56,desktop,social,P0116
2828,U00371,view_home,2026-08-16 11:49:21,desktop,paid_search,
2829,U00371,view_product,2026-08-16 11:50:42,desktop,paid_search,P0006
2830,U00371,add_to_cart,2026-08-16 11:51:15,desktop,paid_search,P0006
2831,U00371,checkout,2026-08-16 11:53:28,desktop,paid_search,P0006
2832,U00371,purchase,2026-08-16 11:54:00,desktop,paid_search,P0006
741,U00095,view_home,2026-08-16 11:55:57,mobile,email,
742,U00095,view_product,2026-08-16 11:56:48,mobile,email,P0015
743,U00095,view_home,2026-08-16 11:58:05,mobile,email,
744,U00095,view_product,2026-08-16 11:58:59,mobile,email,P0105
2640,U00345,view_home,2026-08-16 12:34:32,tablet,direct,
2641,U00345,view_product,2026-08-16 12:35:22,tablet,direct,P0112
2642,U00345,view_home,2026-08-16 12:36:09,tablet,direct,
86,U00014,view_home,2026-08-16 12:43:37,mobile,paid_search,
87,U00014,view_product,2026-08-16 12:44:20,mobile,paid_search,P0079
88,U00014,view_home,2026-08-16 12:46:08,mobile,paid_search,
629,U00083,view_home,2026-08-16 14:23:07,mobile,paid_search,
890,U00118,view_home,2026-08-16 14:26:43,mobile,social,
891,U00118,view_product,2026-08-16 14:27:13,mobile,social,P0094
892,U00118,view_home,2026-08-16 14:29:13,mobile,social,
893,U00118,view_product,2026-08-16 14:30:27,mobile,social,P0098
894,U00118,view_home,2026-08-16 14:32:13,mobile,social,
1001,U00132,view_home,2026-08-16 14:40:12,mobile,organic_search,
1002,U00132,view_product,2026-08-16 14:40:21,mobile,organic_search,P0065
1003,U00132,view_home,2026-08-16 14:41:39,mobile,organic_search,
2602,U00342,view_home,2026-08-16 14:41:48,desktop,email,
2603,U00342,view_product,2026-08-16 14:41:56,desktop,email,P0090
1004,U00132,view_product,2026-08-16 14:42:50,mobile,organic_search,P0103
2604,U00342,view_home,2026-08-16 14:43:26,desktop,email,
1005,U00132,view_home,2026-08-16 14:44:08,mobile,organic_search,
1006,U00132,view_product,2026-08-16 14:44:46,mobile,organic_search,P0051
2605,U00342,view_product,2026-08-16 14:45:30,desktop,email,P0081
277,U00041,view_home,2026-08-16 15:03:35,tablet,paid_search,
278,U00041,view_product,2026-08-16 15:03:45,tablet,paid_search,P0030
771,U00100,view_home,2026-08-16 15:23:36,desktop,social,
772,U00100,view_product,2026-08-16 15:25:27,desktop,social,P0021
2512,U00331,view_home,2026-08-16 15:34:22,mobile,social,
89,U00014,view_product,2026-08-16 15:42:08,mobile,paid_search,P0057
90,U00014,add_to_cart,2026-08-16 15:42:50,mobile,paid_search,P0057
91,U00014,checkout,2026-08-16 15:45:19,mobile,paid_search,P0057
92,U00014,purchase,2026-08-16 15:46:20,mobile,paid_search,P0057
3034,U00400,view_home,2026-08-16 16:07:00,mobile,paid_search,
3035,U00400,view_product,2026-08-16 16:07:11,mobile,paid_search,P0103
3036,U00400,view_home,2026-08-16 16:08:29,mobile,paid_search,
3037,U00400,view_product,2026-08-16 16:10:16,mobile,paid_search,P0079
79,U00012,view_home,2026-08-16 16:32:20,tablet,organic_search,
2513,U00331,view_product,2026-08-16 16:32:22,mobile,social,P0113
80,U00012,view_product,2026-08-16 16:33:48,tablet,organic_search,P0080
2514,U00331,add_to_cart,2026-08-16 16:34:26,mobile,social,P0113
2515,U00331,checkout,2026-08-16 16:35:50,mobile,social,P0113
2516,U00331,purchase,2026-08-16 16:36:42,mobile,social,P0113
895,U00118,view_product,2026-08-16 16:51:13,mobile,social,P0064
896,U00118,add_to_cart,2026-08-16 16:54:03,mobile,social,P0064
2819,U00368,view_home,2026-08-16 17:14:35,desktop,social,
2969,U00393,view_home,2026-08-16 18:44:18,tablet,organic_search,
2970,U00393,view_product,2026-08-16 18:45:00,tablet,organic_search,P0049
2971,U00393,view_home,2026-08-16 18:45:25,tablet,organic_search,
2972,U00393,view_product,2026-08-16 18:46:30,tablet,organic_search,P0020
2973,U00393,add_to_cart,2026-08-16 18:47:01,tablet,organic_search,P0020
2974,U00393,checkout,2026-08-16 18:49:25,tablet,organic_search,P0020
501,U00067,view_home,2026-08-16 20:23:17,mobile,organic_search,
502,U00067,view_product,2026-08-16 20:25:46,mobile,organic_search,P0047
503,U00067,add_to_cart,2026-08-16 20:26:10,mobile,organic_search,P0047
504,U00067,checkout,2026-08-16 20:28:20,mobile,organic_search,P0047
505,U00067,purchase,2026-08-16 20:30:55,mobile,organic_search,P0047
2289,U00303,view_home,2026-08-16 21:09:00,mobile,direct,
2290,U00303,view_product,2026-08-16 21:11:48,mobile,direct,P0065
2291,U00303,add_to_cart,2026-08-16 21:14:42,mobile,direct,P0065
3650,U00481,view_home,2026-08-16 22:43:32,tablet,social,
3651,U00481,view_product,2026-08-16 22:44:17,tablet,social,P0073
1570,U00204,view_home,2026-08-16 22:47:21,tablet,email,
1571,U00204,view_product,2026-08-17 02:17:21,tablet,email,P0043
1572,U00204,add_to_cart,2026-08-17 02:18:29,tablet,email,P0043
1631,U00210,view_home,2026-08-17 06:13:20,mobile,direct,
471,U00062,view_home,2026-08-17 06:39:59,tablet,paid_search,
117,U00018,view_home,2026-08-17 06:41:47,desktop,social,
1761,U00234,view_home,2026-08-17 08:24:46,tablet,email,
1762,U00234,view_product,2026-08-17 08:24:52,tablet,email,P0095
1763,U00234,view_home,2026-08-17 08:25:11,tablet,email,
1764,U00234,view_product,2026-08-17 08:25:57,tablet,email,P0036
866,U00115,view_home,2026-08-17 09:02:22,mobile,paid_search,
867,U00115,view_product,2026-08-17 09:03:01,mobile,paid_search,P0094
868,U00115,view_home,2026-08-17 09:04:59,mobile,paid_search,
869,U00115,view_product,2026-08-17 09:06:32,mobile,paid_search,P0096
2144,U00284,view_home,2026-08-17 10:17:12,tablet,direct,
2145,U00284,view_product,2026-08-17 10:17:41,tablet,direct,P0117
2146,U00284,add_to_cart,2026-08-17 10:19:11,tablet,direct,P0117
3356,U00443,view_home,2026-08-17 10:41:11,desktop,email,
3357,U00443,view_product,2026-08-17 10:42:32,desktop,email,P0031
3358,U00443,view_home,2026-08-17 10:43:21,desktop,email,
3359,U00443,view_product,2026-08-17 10:43:57,desktop,email,P0070
3360,U00443,add_to_cart,2026-08-17 10:45:28,desktop,email,P0070
3550,U00466,view_home,2026-08-17 10:59:28,tablet,organic_search,
3551,U00466,view_product,2026-08-17 11:00:33,tablet,organic_search,P0078
3552,U00466,view_home,2026-08-17 11:01:58,tablet,organic_search,
3553,U00466,view_product,2026-08-17 11:04:51,tablet,organic_search,P0074
2475,U00326,view_home,2026-08-17 11:30:38,tablet,email,
2476,U00326,view_product,2026-08-17 11:31:00,tablet,email,P0110
2477,U00326,view_home,2026-08-17 11:32:41,tablet,email,
2478,U00326,view_product,2026-08-17 11:33:55,tablet,email,P0025
1329,U00173,view_home,2026-08-17 11:34:56,tablet,email,
1330,U00173,view_product,2026-08-17 11:35:18,tablet,email,P0110
2479,U00326,add_to_cart,2026-08-17 11:35:31,tablet,email,P0025
1331,U00173,view_home,2026-08-17 11:37:13,tablet,email,
1332,U00173,view_product,2026-08-17 11:39:15,tablet,email,P0100
1399,U00181,view_home,2026-08-17 12:15:53,desktop,direct,
1400,U00181,view_product,2026-08-17 12:18:28,desktop,direct,P0016
1515,U00196,view_home,2026-08-17 12:33:13,mobile,direct,
1516,U00196,view_product,2026-08-17 12:33:25,mobile,direct,P0051
1517,U00196,add_to_cart,2026-08-17 12:34:50,mobile,direct,P0051
1518,U00196,checkout,2026-08-17 12:35:52,mobile,direct,P0051
3734,U00493,view_home,2026-08-17 12:37:45,tablet,social,
3735,U00493,view_product,2026-08-17 12:38:56,tablet,social,P0052
3736,U00493,view_home,2026-08-17 12:40:02,tablet,social,
3737,U00493,view_product,2026-08-17 12:41:38,tablet,social,P0096
1016,U00135,view_home,2026-08-17 12:58:23,tablet,direct,
1017,U00135,view_product,2026-08-17 12:58:32,tablet,direct,P0023
1018,U00135,view_home,2026-08-17 12:59:12,tablet,direct,
1019,U00135,view_product,2026-08-17 13:01:02,tablet,direct,P0074
1020,U00135,add_to_cart,2026-08-17 13:02:34,tablet,direct,P0074
3273,U00433,view_home,2026-08-17 13:06:26,tablet,email,
3274,U00433,view_product,2026-08-17 13:06:51,tablet,email,P0037
3275,U00433,view_home,2026-08-17 13:07:05,tablet,email,
3276,U00433,view_product,2026-08-17 13:09:25,tablet,email,P0009
2961,U00391,view_home,2026-08-17 14:36:55,mobile,direct,
2962,U00391,view_product,2026-08-17 14:37:15,mobile,direct,P0073
2963,U00391,view_home,2026-08-17 14:38:22,mobile,direct,
2964,U00391,view_product,2026-08-17 14:38:32,mobile,direct,P0047
2965,U00391,view_home,2026-08-17 14:40:26,mobile,direct,
2966,U00391,view_product,2026-08-17 14:43:12,mobile,direct,P0084
1462,U00189,view_home,2026-08-17 14:45:37,tablet,email,
1463,U00189,view_product,2026-08-17 14:46:13,tablet,email,P0026
1464,U00189,add_to_cart,2026-08-17 14:46:24,tablet,email,P0026
1465,U00189,checkout,2026-08-17 14:47:02,tablet,email,P0026
1466,U00189,purchase,2026-08-17 14:47:20,tablet,email,P0026
3260,U00430,view_home,2026-08-17 14:56:24,mobile,email,
3261,U00430,view_product,2026-08-17 14:57:21,mobile,email,P0029
564,U00076,view_home,2026-08-17 17:06:21,mobile,paid_search,
565,U00076,view_product,2026-08-17 17:07:45,mobile,paid_search,P0032
3262,U00430,add_to_cart,2026-08-17 18:23:21,mobile,email,P0029
2820,U00368,view_home,2026-08-17 18:45:37,desktop,direct,
3263,U00430,checkout,2026-08-17 19:33:21,mobile,email,P0029
2598,U00342,view_home,2026-08-17 20:02:25,tablet,email,
2599,U00342,view_product,2026-08-17 20:03:51,tablet,email,P0089
2600,U00342,view_home,2026-08-17 20:04:43,tablet,email,
2601,U00342,view_product,2026-08-17 20:06:39,tablet,email,P0066
1521,U00199,view_home,2026-08-17 20:45:54,mobile,organic_search,
2106,U00278,view_home,2026-08-17 21:42:31,tablet,organic_search,
2107,U00278,view_product,2026-08-17 21:44:58,tablet,organic_search,P0063
2108,U00278,add_to_cart,2026-08-17 21:46:17,tablet,organic_search,P0063
2627,U00344,view_home,2026-08-17 22:25:31,mobile,direct,
2628,U00344,view_product,2026-08-17 22:25:49,mobile,direct,P0112
2629,U00344,view_home,2026-08-17 22:27:15,mobile,direct,
2630,U00344,view_product,2026-08-17 22:27:41,mobile,direct,P0011
2631,U00344,view_home,2026-08-17 22:28:23,mobile,direct,
2632,U00344,view_product,2026-08-17 22:28:47,mobile,direct,P0081
2633,U00344,add_to_cart,2026-08-17 22:30:57,mobile,direct,P0081
298,U00043,view_home,2026-08-17 22:38:23,mobile,email,
299,U00043,view_product,2026-08-17 22:38:42,mobile,email,P0060
300,U00043,view_home,2026-08-17 22:38:56,mobile,email,
301,U00043,view_product,2026-08-17 22:41:56,mobile,email,P0096
3591,U00470,view_home,2026-08-18 07:39:07,tablet,paid_search,
3592,U00470,view_product,2026-08-18 07:41:27,tablet,paid_search,P0034
1367,U00176,view_home,2026-08-18 09:19:38,tablet,paid_search,
1368,U00176,view_product,2026-08-18 09:20:13,tablet,paid_search,P0095
1369,U00176,view_home,2026-08-18 09:20:48,tablet,paid_search,
2382,U00318,view_home,2026-08-18 09:29:33,tablet,organic_search,
2383,U00318,view_product,2026-08-18 09:30:56,tablet,organic_search,P0033
2384,U00318,view_home,2026-08-18 09:32:28,tablet,organic_search,
2385,U00318,view_product,2026-08-18 09:34:25,tablet,organic_search,P0089
567,U00077,view_home,2026-08-18 11:14:20,desktop,social,
1781,U00238,view_home,2026-08-18 12:05:52,mobile,email,
1782,U00238,view_product,2026-08-18 12:08:52,mobile,email,P0103
113,U00018,view_home,2026-08-18 12:23:32,tablet,social,
114,U00018,view_product,2026-08-18 12:24:45,tablet,social,P0043
115,U00018,view_home,2026-08-18 12:24:53,tablet,social,
116,U00018,view_product,2026-08-18 12:25:46,tablet,social,P0052
3233,U00426,view_home,2026-08-18 13:07:16,mobile,organic_search,
3072,U00404,view_home,2026-08-18 13:09:04,desktop,social,
3073,U00404,view_product,2026-08-18 13:09:48,desktop,social,P0022
3074,U00404,view_home,2026-08-18 13:11:34,desktop,social,
3075,U00404,view_product,2026-08-18 13:13:32,desktop,social,P0102
1378,U00178,view_home,2026-08-18 13:14:35,desktop,social,
1600,U00206,view_home,2026-08-18 13:31:09,desktop,paid_search,
1601,U00206,view_product,2026-08-18 13:33:09,desktop,paid_search,P0097
3510,U00461,view_home,2026-08-18 15:30:41,mobile,social,
870,U00115,view_home,2026-08-18 15:32:11,desktop,email,
3511,U00461,view_product,2026-08-18 15:33:02,mobile,social,P0114
871,U00115,view_product,2026-08-18 15:33:36,desktop,email,P0010
872,U00115,view_home,2026-08-18 15:34:44,desktop,email,
873,U00115,view_product,2026-08-18 15:35:47,desktop,email,P0066
874,U00115,view_home,2026-08-18 15:36:38,desktop,email,
875,U00115,view_product,2026-08-18 15:37:28,desktop,email,P0092
876,U00115,add_to_cart,2026-08-18 15:38:02,desktop,email,P0092
3234,U00426,view_product,2026-08-18 15:39:16,mobile,organic_search,P0060
3235,U00426,add_to_cart,2026-08-18 15:41:52,mobile,organic_search,P0060
3236,U00426,checkout,2026-08-18 15:44:48,mobile,organic_search,P0060
2170,U00288,view_home,2026-08-18 16:15:12,tablet,social,
2004,U00263,view_home,2026-08-18 16:33:14,mobile,email,
2005,U00263,view_product,2026-08-18 16:34:37,mobile,email,P0031
2006,U00263,view_home,2026-08-18 16:35:46,mobile,email,
2007,U00263,view_product,2026-08-18 16:38:22,mobile,email,P0021
3237,U00426,purchase,2026-08-18 17:49:48,mobile,organic_search,P0060
1444,U00187,view_home,2026-08-18 18:45:06,tablet,direct,
1445,U00187,view_product,2026-08-18 18:45:19,tablet,direct,P0025
1446,U00187,add_to_cart,2026-08-18 18:46:35,tablet,direct,P0025
1447,U00187,checkout,2026-08-18 18:46:45,tablet,direct,P0025
1448,U00187,purchase,2026-08-18 18:48:59,tablet,direct,P0025
167,U00025,view_home,2026-08-18 19:41:23,mobile,email,
168,U00025,view_product,2026-08-18 19:43:00,mobile,email,P0107
1795,U00239,view_home,2026-08-18 20:00:20,mobile,email,
1796,U00239,view_product,2026-08-18 20:02:05,mobile,email,P0033
1797,U00239,add_to_cart,2026-08-18 20:03:19,mobile,email,P0033
1573,U00205,view_home,2026-08-18 20:46:48,desktop,email,
3076,U00405,view_home,2026-08-18 20:51:10,mobile,social,
3077,U00405,view_product,2026-08-18 20:52:09,mobile,social,P0026
3078,U00405,view_home,2026-08-18 20:53:26,mobile,social,
3079,U00405,view_product,2026-08-18 20:53:50,mobile,social,P0014
3080,U00405,add_to_cart,2026-08-18 20:56:08,mobile,social,P0014
3081,U00405,checkout,2026-08-18 20:58:50,mobile,social,P0014
545,U00072,view_home,2026-08-18 21:01:27,tablet,social,
546,U00072,view_product,2026-08-18 21:03:01,tablet,social,P0016
2859,U00375,view_home,2026-08-18 21:53:58,desktop,paid_search,
2860,U00375,view_product,2026-08-18 21:56:47,desktop,paid_search,P0106
169,U00025,add_to_cart,2026-08-18 23:04:00,mobile,email,P0107
170,U00025,checkout,2026-08-19 00:42:00,mobile,email,P0107
171,U00025,purchase,2026-08-19 01:56:00,mobile,email,P0107
437,U00058,view_home,2026-08-19 07:31:36,desktop,email,
438,U00058,view_product,2026-08-19 07:31:59,desktop,email,P0107
439,U00058,view_home,2026-08-19 07:32:59,desktop,email,
440,U00058,view_product,2026-08-19 07:33:15,desktop,email,P0117
441,U00058,view_home,2026-08-19 07:33:48,desktop,email,
2922,U00386,view_home,2026-08-19 08:01:31,desktop,organic_search,
2923,U00386,view_product,2026-08-19 08:02:53,desktop,organic_search,P0097
2924,U00386,view_home,2026-08-19 08:03:20,desktop,organic_search,
3309,U00436,view_home,2026-08-19 08:21:41,tablet,direct,
3310,U00436,view_product,2026-08-19 08:23:10,tablet,direct,P0010
3311,U00436,view_home,2026-08-19 08:23:24,tablet,direct,
3442,U00452,view_home,2026-08-19 08:23:57,desktop,organic_search,
3443,U00452,view_product,2026-08-19 08:24:29,desktop,organic_search,P0001
3444,U00452,view_home,2026-08-19 08:25:29,desktop,organic_search,
3312,U00436,view_product,2026-08-19 08:25:38,tablet,direct,P0062
3445,U00452,view_product,2026-08-19 08:26:30,desktop,organic_search,P0067
2925,U00386,view_product,2026-08-19 10:26:20,desktop,organic_search,P0113
1752,U00234,view_home,2026-08-19 11:15:53,desktop,organic_search,
1753,U00234,view_product,2026-08-19 11:16:36,desktop,organic_search,P0094
1754,U00234,view_home,2026-08-19 11:18:21,desktop,organic_search,
1755,U00234,view_product,2026-08-19 11:19:38,desktop,organic_search,P0034
1756,U00234,view_home,2026-08-19 11:19:50,desktop,organic_search,
1757,U00234,view_product,2026-08-19 11:22:24,desktop,organic_search,P0089
1758,U00234,add_to_cart,2026-08-19 11:25:11,desktop,organic_search,P0089
1759,U00234,checkout,2026-08-19 11:25:51,desktop,organic_search,P0089
1052,U00138,view_home,2026-08-19 11:26:00,tablet,organic_search,
2792,U00366,view_home,2026-08-19 11:26:46,mobile,email,
1760,U00234,purchase,2026-08-19 11:27:10,desktop,organic_search,P0089
2793,U00366,view_product,2026-08-19 11:27:49,mobile,email,P0034
3727,U00493,view_home,2026-08-19 11:34:57,tablet,paid_search,
3728,U00493,view_product,2026-08-19 11:36:02,tablet,paid_search,P0092
3729,U00493,view_home,2026-08-19 11:37:03,tablet,paid_search,
3730,U00493,view_product,2026-08-19 11:37:43,tablet,paid_search,P0073
3731,U00493,add_to_cart,2026-08-19 11:39:29,tablet,paid_search,P0073
3732,U00493,checkout,2026-08-19 11:40:31,tablet,paid_search,P0073
3733,U00493,purchase,2026-08-19 11:40:42,tablet,paid_search,P0073
2054,U00270,view_home,2026-08-19 11:50:03,desktop,organic_search,
2862,U00376,view_home,2026-08-19 11:54:35,desktop,organic_search,
2863,U00376,view_product,2026-08-19 11:55:48,desktop,organic_search,P0106
3337,U00442,view_home,2026-08-19 12:08:40,tablet,direct,
3338,U00442,view_product,2026-08-19 12:09:31,tablet,direct,P0035
3339,U00442,view_home,2026-08-19 12:11:00,tablet,direct,
3340,U00442,view_product,2026-08-19 12:13:43,tablet,direct,P0005
3341,U00442,add_to_cart,2026-08-19 12:16:40,tablet,direct,P0005
3342,U00442,checkout,2026-08-19 12:17:33,tablet,direct,P0005
274,U00041,view_home,2026-08-19 12:31:32,mobile,direct,
275,U00041,view_product,2026-08-19 12:32:26,mobile,direct,P0019
3343,U00442,purchase,2026-08-19 12:54:33,tablet,direct,P0005
1843,U00247,view_home,2026-08-19 13:34:37,tablet,direct,
1844,U00247,view_product,2026-08-19 13:36:40,tablet,direct,P0089
3453,U00453,view_home,2026-08-19 13:38:18,mobile,email,
3454,U00453,view_product,2026-08-19 13:38:37,mobile,email,P0023
1845,U00247,add_to_cart,2026-08-19 13:39:24,tablet,direct,P0089
3455,U00453,view_home,2026-08-19 13:39:41,mobile,email,
1927,U00254,view_home,2026-08-19 14:17:59,desktop,social,
1928,U00254,view_product,2026-08-19 14:18:51,desktop,social,P0119
1403,U00182,view_home,2026-08-19 14:26:32,tablet,paid_search,
276,U00041,add_to_cart,2026-08-19 14:44:26,mobile,direct,P0019
133,U00020,view_home,2026-08-19 15:23:00,tablet,social,
541,U00072,view_home,2026-08-19 15:46:12,desktop,organic_search,
542,U00072,view_product,2026-08-19 15:48:03,desktop,organic_search,P0056
543,U00072,add_to_cart,2026-08-19 15:50:36,desktop,organic_search,P0056
3681,U00484,view_home,2026-08-19 16:07:46,tablet,direct,
3682,U00484,view_product,2026-08-19 16:08:25,tablet,direct,P0031
3683,U00484,add_to_cart,2026-08-19 16:09:01,tablet,direct,P0031
1874,U00249,view_home,2026-08-19 16:59:19,desktop,social,
1261,U00163,view_home,2026-08-19 17:16:40,desktop,paid_search,
1262,U00163,view_product,2026-08-19 17:19:17,desktop,paid_search,P0041
1263,U00163,add_to_cart,2026-08-19 17:20:45,desktop,paid_search,P0041
1249,U00162,view_home,2026-08-19 17:32:32,desktop,email,
1250,U00162,view_product,2026-08-19 17:33:59,desktop,email,P0048
1251,U00162,view_home,2026-08-19 17:34:05,desktop,email,
1252,U00162,view_product,2026-08-19 17:34:44,desktop,email,P0087
1253,U00162,add_to_cart,2026-08-19 17:36:32,desktop,email,P0087
2089,U00274,view_home,2026-08-19 17:45:39,desktop,email,
2090,U00274,view_product,2026-08-19 17:46:35,desktop,email,P0031
2091,U00274,view_home,2026-08-19 17:46:54,desktop,email,
3449,U00452,view_home,2026-08-19 18:09:36,mobile,direct,
3450,U00452,view_product,2026-08-19 18:10:57,mobile,direct,P0046
3451,U00452,view_home,2026-08-19 18:12:11,mobile,direct,
3452,U00452,view_product,2026-08-19 18:12:47,mobile,direct,P0102
279,U00042,view_home,2026-08-19 18:20:07,tablet,paid_search,
280,U00042,view_product,2026-08-19 18:22:58,tablet,paid_search,P0010
2143,U00283,view_home,2026-08-19 19:13:45,tablet,paid_search,
3678,U00484,view_home,2026-08-19 19:40:08,mobile,direct,
3679,U00484,view_product,2026-08-19 19:42:55,mobile,direct,P0087
3680,U00484,add_to_cart,2026-08-19 19:43:08,mobile,direct,P0087
1245,U00161,view_home,2026-08-19 19:55:53,mobile,direct,
1246,U00161,view_product,2026-08-19 19:56:01,mobile,direct,P0061
1247,U00161,view_home,2026-08-19 19:56:26,mobile,direct,
1248,U00161,view_product,2026-08-19 19:58:14,mobile,direct,P0051
289,U00043,view_home,2026-08-19 20:07:18,desktop,social,
290,U00043,view_product,2026-08-19 20:10:14,desktop,social,P0103
2092,U00274,view_product,2026-08-19 21:45:54,desktop,email,P0088
585,U00080,view_home,2026-08-19 21:57:38,desktop,organic_search,
586,U00080,view_product,2026-08-19 21:58:58,desktop,organic_search,P0039
587,U00080,add_to_cart,2026-08-19 22:01:20,desktop,organic_search,P0039
1684,U00221,view_home,2026-08-20 06:24:33,tablet,email,
1685,U00221,view_product,2026-08-20 06:25:19,tablet,email,P0026
1686,U00221,view_home,2026-08-20 06:25:48,tablet,email,
1687,U00221,view_product,2026-08-20 06:27:48,tablet,email,P0082
3580,U00469,view_home,2026-08-20 06:58:15,mobile,email,
3581,U00469,view_product,2026-08-20 06:59:11,mobile,email,P0023
3582,U00469,add_to_cart,2026-08-20 07:00:34,mobile,email,P0023
3583,U00469,checkout,2026-08-20 07:01:05,mobile,email,P0023
3584,U00469,purchase,2026-08-20 07:02:42,mobile,email,P0023
700,U00092,view_home,2026-08-20 08:57:26,tablet,paid_search,
701,U00092,view_product,2026-08-20 08:58:20,tablet,paid_search,P0087
702,U00092,view_home,2026-08-20 09:00:19,tablet,paid_search,
703,U00092,view_product,2026-08-20 09:01:02,tablet,paid_search,P0073
1545,U00202,view_home,2026-08-20 09:04:52,mobile,social,
1546,U00202,view_product,2026-08-20 09:05:53,mobile,social,P0080
1547,U00202,view_home,2026-08-20 09:06:16,mobile,social,
1548,U00202,view_product,2026-08-20 09:07:17,mobile,social,P0006
1549,U00202,view_home,2026-08-20 09:09:06,mobile,social,
1550,U00202,view_product,2026-08-20 09:09:53,mobile,social,P0106
846,U00112,view_home,2026-08-20 09:44:24,tablet,social,
847,U00112,view_product,2026-08-20 09:45:33,tablet,social,P0066
848,U00112,add_to_cart,2026-08-20 09:47:48,tablet,social,P0066
134,U00021,view_home,2026-08-20 10:05:22,desktop,paid_search,
3613,U00473,view_home,2026-08-20 11:35:54,desktop,paid_search,
3614,U00473,view_product,2026-08-20 11:36:54,desktop,paid_search,P0012
3615,U00473,view_home,2026-08-20 11:38:31,desktop,paid_search,
3616,U00473,view_product,2026-08-20 11:40:14,desktop,paid_search,P0031
3617,U00473,add_to_cart,2026-08-20 11:40:47,desktop,paid_search,P0031
888,U00118,view_home,2026-08-20 11:57:29,desktop,social,
889,U00118,view_product,2026-08-20 11:58:54,desktop,social,P0059
1637,U00212,view_home,2026-08-20 12:01:39,desktop,organic_search,
1696,U00224,view_home,2026-08-20 12:02:59,desktop,social,
1697,U00224,view_product,2026-08-20 12:04:03,desktop,social,P0073
1638,U00212,view_product,2026-08-20 12:04:23,desktop,organic_search,P0014
1698,U00224,view_home,2026-08-20 12:04:24,desktop,social,
1699,U00224,view_product,2026-08-20 12:04:40,desktop,social,P0105
1700,U00224,view_home,2026-08-20 12:06:27,desktop,social,
2074,U00273,view_home,2026-08-20 15:11:12,mobile,direct,
2075,U00273,view_product,2026-08-20 15:13:59,mobile,direct,P0085
2076,U00273,add_to_cart,2026-08-20 15:16:27,mobile,direct,P0085
597,U00081,view_home,2026-08-20 16:36:12,tablet,social,
2420,U00321,view_home,2026-08-20 16:37:31,tablet,paid_search,
2421,U00321,view_product,2026-08-20 16:37:41,tablet,paid_search,P0019
2422,U00321,add_to_cart,2026-08-20 16:38:26,tablet,paid_search,P0019
598,U00081,view_product,2026-08-20 16:39:10,tablet,social,P0002
2423,U00321,checkout,2026-08-20 16:40:57,tablet,paid_search,P0019
599,U00081,add_to_cart,2026-08-20 16:41:01,tablet,social,P0002
2582,U00340,view_home,2026-08-20 16:50:05,tablet,paid_search,
2583,U00340,view_product,2026-08-20 16:50:42,tablet,paid_search,P0049
2584,U00340,view_home,2026-08-20 16:51:46,tablet,paid_search,
2585,U00340,view_product,2026-08-20 16:54:17,tablet,paid_search,P0071
1691,U00223,view_home,2026-08-20 17:09:50,mobile,social,
1692,U00223,view_product,2026-08-20 17:10:10,mobile,social,P0057
309,U00044,view_home,2026-08-20 17:49:08,mobile,organic_search,
310,U00044,view_product,2026-08-20 17:49:45,mobile,organic_search,P0018
311,U00044,add_to_cart,2026-08-20 17:50:27,mobile,organic_search,P0018
312,U00044,checkout,2026-08-20 17:52:53,mobile,organic_search,P0018
313,U00044,purchase,2026-08-20 17:53:40,mobile,organic_search,P0018
685,U00091,view_home,2026-08-20 18:27:09,desktop,organic_search,
686,U00091,view_product,2026-08-20 18:30:00,desktop,organic_search,P0012
1583,U00205,view_home,2026-08-20 18:32:03,tablet,social,
687,U00091,add_to_cart,2026-08-20 18:32:15,desktop,organic_search,P0012
600,U00082,view_home,2026-08-20 18:33:58,desktop,email,
601,U00082,view_product,2026-08-20 18:34:31,desktop,email,P0018
602,U00082,view_home,2026-08-20 18:35:37,desktop,email,
603,U00082,view_product,2026-08-20 18:38:20,desktop,email,P0048
604,U00082,add_to_cart,2026-08-20 18:40:28,desktop,email,P0048
3517,U00461,view_home,2026-08-20 18:46:11,desktop,paid_search,
3518,U00461,view_product,2026-08-20 18:48:58,desktop,paid_search,P0089
3519,U00461,add_to_cart,2026-08-20 18:50:35,desktop,paid_search,P0089
2077,U00273,checkout,2026-08-20 18:51:27,mobile,direct,P0085
2078,U00273,purchase,2026-08-20 18:53:42,mobile,direct,P0085
1693,U00223,add_to_cart,2026-08-20 19:34:10,mobile,social,P0057
1694,U00223,checkout,2026-08-20 19:36:49,mobile,social,P0057
1695,U00223,purchase,2026-08-20 19:38:51,mobile,social,P0057
3483,U00456,view_home,2026-08-20 20:17:10,mobile,direct,
3484,U00456,view_product,2026-08-20 20:17:53,mobile,direct,P0036
3485,U00456,view_home,2026-08-20 20:18:56,mobile,direct,
3209,U00422,view_home,2026-08-20 20:19:12,desktop,social,
3210,U00422,view_product,2026-08-20 20:20:35,desktop,social,P0066
3211,U00422,add_to_cart,2026-08-20 20:21:15,desktop,social,P0066
3486,U00456,view_product,2026-08-20 20:21:51,mobile,direct,P0066
2086,U00273,view_home,2026-08-20 21:22:00,mobile,direct,
2087,U00273,view_product,2026-08-20 21:22:13,mobile,direct,P0082
2088,U00273,view_home,2026-08-20 21:22:44,mobile,direct,
3156,U00416,view_home,2026-08-20 21:31:13,tablet,paid_search,
3157,U00416,view_product,2026-08-20 21:33:17,tablet,paid_search,P0022
799,U00105,view_home,2026-08-20 21:55:31,desktop,direct,
3158,U00416,add_to_cart,2026-08-21 00:09:17,tablet,paid_search,P0022
3212,U00422,checkout,2026-08-21 00:11:15,desktop,social,P0066
3159,U00416,checkout,2026-08-21 01:51:17,tablet,paid_search,P0022
957,U00126,view_home,2026-08-21 07:05:03,desktop,paid_search,
958,U00126,view_product,2026-08-21 07:05:26,desktop,paid_search,P0100
959,U00126,view_home,2026-08-21 07:05:45,desktop,paid_search,
3000,U00395,view_home,2026-08-21 08:04:05,tablet,direct,
3001,U00395,view_product,2026-08-21 08:04:45,tablet,direct,P0034
920,U00120,view_home,2026-08-21 08:42:00,desktop,paid_search,
921,U00120,view_product,2026-08-21 08:42:52,desktop,paid_search,P0046
393,U00053,view_home,2026-08-21 08:44:53,mobile,organic_search,
922,U00120,add_to_cart,2026-08-21 08:44:55,desktop,paid_search,P0046
394,U00053,view_product,2026-08-21 08:45:15,mobile,organic_search,P0061
1934,U00256,view_home,2026-08-21 08:50:27,desktop,social,
1935,U00256,view_product,2026-08-21 08:51:49,desktop,social,P0065
2338,U00311,view_home,2026-08-21 09:18:12,desktop,organic_search,
2339,U00311,view_product,2026-08-21 09:19:42,desktop,organic_search,P0039
2340,U00311,add_to_cart,2026-08-21 09:20:20,desktop,organic_search,P0039
2341,U00311,checkout,2026-08-21 09:23:00,desktop,organic_search,P0039
2342,U00311,purchase,2026-08-21 09:25:17,desktop,organic_search,P0039
23,U00006,view_home,2026-08-21 09:52:14,tablet,direct,
24,U00006,view_product,2026-08-21 09:53:41,tablet,direct,P0059
25,U00006,view_home,2026-08-21 09:54:04,tablet,direct,
26,U00006,view_product,2026-08-21 09:56:35,tablet,direct,P0051
27,U00006,add_to_cart,2026-08-21 09:58:32,tablet,direct,P0051
81,U00013,view_home,2026-08-21 10:20:42,mobile,direct,
82,U00013,view_product,2026-08-21 10:21:25,mobile,direct,P0059
83,U00013,view_home,2026-08-21 10:22:10,mobile,direct,
1264,U00164,view_home,2026-08-21 10:28:53,desktop,direct,
1265,U00164,view_product,2026-08-21 10:29:15,desktop,direct,P0087
1266,U00164,view_home,2026-08-21 10:30:53,desktop,direct,
1267,U00164,view_product,2026-08-21 10:32:55,desktop,direct,P0036
1268,U00164,add_to_cart,2026-08-21 10:35:24,desktop,direct,P0036
1269,U00164,checkout,2026-08-21 10:35:52,desktop,direct,P0036
395,U00053,add_to_cart,2026-08-21 11:18:15,mobile,organic_search,P0061
2102,U00277,view_home,2026-08-21 11:59:40,tablet,direct,
2103,U00277,view_product,2026-08-21 12:00:15,tablet,direct,P0120
2104,U00277,view_home,2026-08-21 12:01:14,tablet,direct,
2105,U00277,view_product,2026-08-21 12:02:16,tablet,direct,P0104
128,U00018,view_home,2026-08-21 13:19:31,tablet,email,
129,U00018,view_product,2026-08-21 13:20:23,tablet,email,P0071
1860,U00248,view_home,2026-08-21 13:37:43,desktop,email,
1861,U00248,view_product,2026-08-21 13:38:29,desktop,email,P0030
1862,U00248,view_home,2026-08-21 13:38:46,desktop,email,
1863,U00248,view_product,2026-08-21 13:39:45,desktop,email,P0030
1864,U00248,add_to_cart,2026-08-21 13:41:53,desktop,email,P0030
3784,U00500,view_home,2026-08-21 14:11:12,mobile,direct,
3785,U00500,view_product,2026-08-21 14:13:03,mobile,direct,P0073
3786,U00500,add_to_cart,2026-08-21 14:15:56,mobile,direct,P0073
131,U00020,view_home,2026-08-21 14:27:53,mobile,direct,
132,U00020,view_product,2026-08-21 14:28:44,mobile,direct,P0087
379,U00050,view_home,2026-08-21 16:28:52,mobile,social,
380,U00050,view_product,2026-08-21 16:29:50,mobile,social,P0038
381,U00050,view_home,2026-08-21 16:30:09,mobile,social,
382,U00050,view_product,2026-08-21 16:31:00,mobile,social,P0052
2208,U00291,view_home,2026-08-21 16:41:23,tablet,direct,
2209,U00291,view_product,2026-08-21 16:42:47,tablet,direct,P0104
2210,U00291,view_home,2026-08-21 16:43:25,tablet,direct,
2211,U00291,view_product,2026-08-21 16:44:20,tablet,direct,P0097
780,U00102,view_home,2026-08-21 16:52:03,mobile,social,
781,U00102,view_product,2026-08-21 16:54:49,mobile,social,P0051
782,U00102,add_to_cart,2026-08-21 16:56:13,mobile,social,P0051
232,U00034,view_home,2026-08-21 16:59:24,mobile,organic_search,
233,U00034,view_product,2026-08-21 17:02:02,mobile,organic_search,P0012
3693,U00488,view_home,2026-08-21 17:06:04,desktop,paid_search,
3694,U00488,view_product,2026-08-21 17:06:20,desktop,paid_search,P0048
3695,U00488,view_home,2026-08-21 17:06:27,desktop,paid_search,
3696,U00488,view_product,2026-08-21 17:09:22,desktop,paid_search,P0073
3697,U00488,add_to_cart,2026-08-21 17:10:19,desktop,paid_search,P0073
1674,U00219,view_home,2026-08-21 18:55:20,desktop,email,
144,U00023,view_home,2026-08-21 19:44:56,mobile,social,
145,U00023,view_product,2026-08-21 19:46:05,mobile,social,P0055
1087,U00142,view_home,2026-08-21 19:46:40,tablet,paid_search,
146,U00023,view_home,2026-08-21 19:47:56,mobile,social,
1088,U00142,view_product,2026-08-21 19:48:05,tablet,paid_search,P0094
1089,U00142,view_home,2026-08-21 19:48:41,tablet,paid_search,
1090,U00142,view_product,2026-08-21 19:50:08,tablet,paid_search,P0003
1091,U00142,add_to_cart,2026-08-21 19:52:46,tablet,paid_search,P0003
2212,U00291,add_to_cart,2026-08-21 19:53:20,tablet,direct,P0097
2213,U00291,checkout,2026-08-21 19:55:19,tablet,direct,P0097
1522,U00200,view_home,2026-08-21 20:26:03,mobile,paid_search,
1523,U00200,view_product,2026-08-21 20:27:21,mobile,paid_search,P0105
1524,U00200,view_home,2026-08-21 20:27:38,mobile,paid_search,
1525,U00200,view_product,2026-08-21 20:30:13,mobile,paid_search,P0063
1526,U00200,add_to_cart,2026-08-21 20:31:46,mobile,paid_search,P0063
1527,U00200,checkout,2026-08-21 20:33:40,mobile,paid_search,P0063
1092,U00142,checkout,2026-08-21 20:38:46,tablet,paid_search,P0003
1093,U00142,purchase,2026-08-21 20:41:07,tablet,paid_search,P0003
2214,U00291,purchase,2026-08-21 20:59:19,tablet,direct,P0097
1511,U00196,view_home,2026-08-21 21:22:48,mobile,direct,
1512,U00196,view_product,2026-08-21 21:23:34,mobile,direct,P0078
1513,U00196,view_home,2026-08-21 21:24:09,mobile,direct,
1514,U00196,view_product,2026-08-21 21:26:37,mobile,direct,P0098
1602,U00207,view_home,2026-08-21 21:46:44,mobile,paid_search,
1603,U00207,view_product,2026-08-21 21:48:29,mobile,paid_search,P0055
3771,U00499,view_home,2026-08-21 22:15:47,tablet,direct,
3772,U00499,view_product,2026-08-21 22:17:12,tablet,direct,P0064
3773,U00499,add_to_cart,2026-08-21 22:18:47,tablet,direct,P0064
3088,U00406,view_home,2026-08-21 22:21:40,desktop,social,
3089,U00406,view_product,2026-08-21 22:22:14,desktop,social,P0009
535,U00070,view_home,2026-08-21 22:59:54,tablet,email,
536,U00070,view_product,2026-08-21 23:01:02,tablet,email,P0066
537,U00070,view_home,2026-08-21 23:02:06,tablet,email,
538,U00070,view_product,2026-08-21 23:02:19,tablet,email,P0025
539,U00070,add_to_cart,2026-08-21 23:04:24,tablet,email,P0025
2361,U00315,view_home,2026-08-22 06:17:20,tablet,paid_search,
2362,U00315,view_product,2026-08-22 06:18:42,tablet,paid_search,P0061
2363,U00315,view_home,2026-08-22 06:18:47,tablet,paid_search,
2364,U00315,view_product,2026-08-22 06:18:53,tablet,paid_search,P0087
2365,U00315,view_home,2026-08-22 06:19:20,tablet,paid_search,
2366,U00315,view_product,2026-08-22 06:21:33,tablet,paid_search,P0083
1957,U00258,view_home,2026-08-22 07:12:12,tablet,direct,
1958,U00258,view_product,2026-08-22 07:13:04,tablet,direct,P0012
55,U00010,view_home,2026-08-22 07:17:23,tablet,paid_search,
56,U00010,view_product,2026-08-22 07:17:55,tablet,paid_search,P0070
57,U00010,view_home,2026-08-22 07:18:16,tablet,paid_search,
58,U00010,view_product,2026-08-22 07:20:51,tablet,paid_search,P0036
59,U00010,add_to_cart,2026-08-22 07:22:43,tablet,paid_search,P0036
60,U00010,checkout,2026-08-22 07:24:41,tablet,paid_search,P0036
61,U00010,purchase,2026-08-22 07:25:02,tablet,paid_search,P0036
93,U00014,view_home,2026-08-22 09:42:22,tablet,email,
1405,U00183,view_home,2026-08-22 10:09:16,mobile,email,
1406,U00183,view_product,2026-08-22 10:10:33,mobile,email,P0084
1404,U00182,view_home,2026-08-22 13:40:44,tablet,social,
3748,U00495,view_home,2026-08-22 15:14:14,desktop,email,
3749,U00495,view_product,2026-08-22 15:15:27,desktop,email,P0112
3750,U00495,view_home,2026-08-22 15:15:42,desktop,email,
3751,U00495,view_product,2026-08-22 15:15:54,desktop,email,P0058
3752,U00495,view_home,2026-08-22 15:17:11,desktop,email,
3753,U00495,view_product,2026-08-22 15:18:05,desktop,email,P0071
983,U00131,view_home,2026-08-22 16:48:50,tablet,direct,
3644,U00479,view_home,2026-08-22 18:17:16,mobile,organic_search,
3645,U00479,view_product,2026-08-22 18:19:18,mobile,organic_search,P0070
3646,U00479,add_to_cart,2026-08-22 18:21:58,mobile,organic_search,P0070
3647,U00479,checkout,2026-08-22 18:24:22,mobile,organic_search,P0070
1899,U00251,view_home,2026-08-22 19:23:38,desktop,social,
1900,U00251,view_product,2026-08-22 19:23:49,desktop,social,P0015
1901,U00251,view_home,2026-08-22 19:24:43,desktop,social,
1902,U00251,view_product,2026-08-22 19:26:24,desktop,social,P0117
1903,U00251,add_to_cart,2026-08-22 19:26:49,desktop,social,P0117
1359,U00176,view_home,2026-08-22 20:07:09,mobile,direct,
1360,U00176,view_product,2026-08-22 20:07:34,mobile,direct,P0115
1361,U00176,add_to_cart,2026-08-22 20:08:38,mobile,direct,P0115
733,U00095,view_home,2026-08-22 21:19:15,tablet,direct,
734,U00095,view_product,2026-08-22 21:20:16,tablet,direct,P0043
735,U00095,view_home,2026-08-22 21:21:16,tablet,direct,
2426,U00322,view_home,2026-08-22 21:30:37,tablet,social,
2427,U00322,view_product,2026-08-22 21:31:35,tablet,social,P0043
2428,U00322,view_home,2026-08-22 21:32:00,tablet,social,
2429,U00322,view_product,2026-08-22 21:32:18,tablet,social,P0043
2430,U00322,add_to_cart,2026-08-22 21:35:09,tablet,social,P0043
2431,U00322,checkout,2026-08-22 21:37:56,tablet,social,P0043
2432,U00322,purchase,2026-08-22 21:39:28,tablet,social,P0043
3171,U00417,view_home,2026-08-22 22:13:36,tablet,social,
3172,U00417,view_product,2026-08-22 22:13:49,tablet,social,P0062
3173,U00417,add_to_cart,2026-08-22 22:14:53,tablet,social,P0062
1469,U00190,view_home,2026-08-22 22:56:44,tablet,organic_search,
1470,U00190,view_product,2026-08-22 22:57:19,tablet,organic_search,P0008
1471,U00190,add_to_cart,2026-08-22 22:59:49,tablet,organic_search,P0008
359,U00049,view_home,2026-08-23 06:06:40,desktop,paid_search,
360,U00049,view_product,2026-08-23 06:06:53,desktop,paid_search,P0019
361,U00049,view_home,2026-08-23 06:08:32,desktop,paid_search,
788,U00103,view_home,2026-08-23 06:10:28,mobile,paid_search,
789,U00103,view_product,2026-08-23 06:11:44,mobile,paid_search,P0065
790,U00103,view_home,2026-08-23 06:13:12,mobile,paid_search,
791,U00103,view_product,2026-08-23 06:15:06,mobile,paid_search,P0025
3326,U00440,view_home,2026-08-23 06:28:23,tablet,email,
3327,U00440,view_product,2026-08-23 06:29:01,tablet,email,P0104
3328,U00440,view_home,2026-08-23 06:30:42,tablet,email,
3329,U00440,view_product,2026-08-23 06:32:17,tablet,email,P0119
1286,U00166,view_home,2026-08-23 06:44:08,desktop,direct,
540,U00071,view_home,2026-08-23 06:53:08,desktop,email,
1671,U00219,view_home,2026-08-23 07:12:19,desktop,email,
378,U00050,view_home,2026-08-23 07:18:43,mobile,organic_search,
2895,U00380,view_home,2026-08-23 07:23:19,tablet,email,
1727,U00230,view_home,2026-08-23 07:59:49,mobile,organic_search,
1728,U00230,view_product,2026-08-23 08:01:34,mobile,organic_search,P0031
1729,U00230,add_to_cart,2026-08-23 08:02:36,mobile,organic_search,P0031
1287,U00166,view_product,2026-08-23 08:11:08,desktop,direct,P0030
1288,U00166,add_to_cart,2026-08-23 08:12:55,desktop,direct,P0030
669,U00090,view_home,2026-08-23 09:04:52,desktop,social,
3049,U00400,view_home,2026-08-23 09:23:46,desktop,paid_search,
2375,U00316,view_home,2026-08-23 09:29:10,desktop,social,
2376,U00316,view_product,2026-08-23 09:31:24,desktop,social,P0081
362,U00049,view_product,2026-08-23 09:54:32,desktop,paid_search,P0073
363,U00049,add_to_cart,2026-08-23 09:56:36,desktop,paid_search,P0073
364,U00049,checkout,2026-08-23 09:58:07,desktop,paid_search,P0073
1788,U00238,view_home,2026-08-23 09:59:39,tablet,email,
1789,U00238,view_product,2026-08-23 10:02:19,tablet,email,P0033
1739,U00232,view_home,2026-08-23 10:06:34,desktop,direct,
1740,U00232,view_product,2026-08-23 10:08:50,desktop,direct,P0078
1741,U00232,add_to_cart,2026-08-23 10:11:25,desktop,direct,P0078
1742,U00232,checkout,2026-08-23 10:13:58,desktop,direct,P0078
1743,U00232,purchase,2026-08-23 10:16:34,desktop,direct,P0078
2911,U00385,view_home,2026-08-23 12:34:09,desktop,email,
530,U00070,view_home,2026-08-23 13:15:30,desktop,email,
531,U00070,view_product,2026-08-23 13:16:46,desktop,email,P0066
532,U00070,add_to_cart,2026-08-23 13:17:06,desktop,email,P0066
533,U00070,checkout,2026-08-23 13:19:51,desktop,email,P0066
534,U00070,purchase,2026-08-23 13:20:39,desktop,email,P0066
1294,U00168,view_home,2026-08-23 14:51:46,mobile,social,
1295,U00168,view_product,2026-08-23 14:52:13,mobile,social,P0001
1296,U00168,add_to_cart,2026-08-23 14:52:59,mobile,social,P0001
3622,U00475,view_home,2026-08-23 14:53:21,tablet,social,
1297,U00168,checkout,2026-08-23 14:53:37,mobile,social,P0001
3623,U00475,view_product,2026-08-23 14:55:03,tablet,social,P0004
1298,U00168,purchase,2026-08-23 14:55:09,mobile,social,P0001
3624,U00475,add_to_cart,2026-08-23 14:55:11,tablet,social,P0004
722,U00094,view_home,2026-08-23 16:05:21,desktop,social,
723,U00094,view_product,2026-08-23 16:06:15,desktop,social,P0002
724,U00094,view_home,2026-08-23 16:06:57,desktop,social,
725,U00094,view_product,2026-08-23 16:09:28,desktop,social,P0077
1190,U00155,view_home,2026-08-23 16:14:09,mobile,social,
1191,U00155,view_product,2026-08-23 16:15:07,mobile,social,P0087
1192,U00155,view_home,2026-08-23 16:16:47,mobile,social,
1193,U00155,view_product,2026-08-23 16:18:00,mobile,social,P0037
1194,U00155,view_home,2026-08-23 16:19:57,mobile,social,
945,U00124,view_home,2026-08-23 19:57:35,tablet,paid_search,
946,U00124,view_product,2026-08-23 19:57:57,tablet,paid_search,P0021
2248,U00297,view_home,2026-08-23 22:02:11,mobile,email,
3313,U00436,view_home,2026-08-23 22:20:27,desktop,direct,
3314,U00436,view_product,2026-08-23 22:23:22,desktop,direct,P0092
3315,U00436,add_to_cart,2026-08-23 22:24:51,desktop,direct,P0092
442,U00058,view_home,2026-08-23 22:56:19,desktop,direct,
443,U00058,view_product,2026-08-23 22:56:47,desktop,direct,P0007
444,U00058,add_to_cart,2026-08-23 23:56:47,desktop,direct,P0007
2439,U00323,view_home,2026-08-24 06:47:57,desktop,paid_search,
2551,U00336,view_home,2026-08-24 06:47:59,desktop,paid_search,
2552,U00336,view_product,2026-08-24 06:48:33,desktop,paid_search,P0053
2440,U00323,view_product,2026-08-24 06:48:49,desktop,paid_search,P0026
2441,U00323,add_to_cart,2026-08-24 06:49:42,desktop,paid_search,P0026
2442,U00323,checkout,2026-08-24 06:50:57,desktop,paid_search,P0026
960,U00126,view_home,2026-08-24 07:19:13,mobile,direct,
961,U00126,view_product,2026-08-24 07:20:01,mobile,direct,P0076
3142,U00414,view_home,2026-08-24 07:46:50,desktop,direct,
3143,U00414,view_product,2026-08-24 07:47:19,desktop,direct,P0038
3144,U00414,view_home,2026-08-24 07:47:48,desktop,direct,
3145,U00414,view_product,2026-08-24 07:48:44,desktop,direct,P0023
3146,U00414,view_home,2026-08-24 07:50:05,desktop,direct,
3147,U00414,view_product,2026-08-24 07:52:25,desktop,direct,P0094
3148,U00414,add_to_cart,2026-08-24 07:55:18,desktop,direct,P0094
3149,U00414,checkout,2026-08-24 07:55:55,desktop,direct,P0094
1598,U00206,view_home,2026-08-24 09:20:57,mobile,direct,
3150,U00414,purchase,2026-08-24 09:38:55,desktop,direct,P0094
2464,U00326,view_home,2026-08-24 10:38:00,tablet,organic_search,
2465,U00326,view_product,2026-08-24 10:38:42,tablet,organic_search,P0057
2466,U00326,view_home,2026-08-24 10:39:53,tablet,organic_search,
2467,U00326,view_product,2026-08-24 10:42:00,tablet,organic_search,P0018
2468,U00326,add_to_cart,2026-08-24 10:44:03,tablet,organic_search,P0018
1070,U00140,view_home,2026-08-24 10:44:36,tablet,email,
1071,U00140,view_product,2026-08-24 10:45:41,tablet,email,P0007
1072,U00140,view_home,2026-08-24 10:47:36,tablet,email,
1073,U00140,view_product,2026-08-24 10:50:22,tablet,email,P0060
1074,U00140,add_to_cart,2026-08-24 10:52:38,tablet,email,P0060
1075,U00140,checkout,2026-08-24 10:55:01,tablet,email,P0060
1076,U00140,purchase,2026-08-24 12:08:01,tablet,email,P0060
3300,U00435,view_home,2026-08-24 12:24:14,desktop,email,
3301,U00435,view_product,2026-08-24 12:24:49,desktop,email,P0030
3302,U00435,view_home,2026-08-24 12:25:05,desktop,email,
3303,U00435,view_product,2026-08-24 12:26:25,desktop,email,P0002
3304,U00435,view_home,2026-08-24 12:26:59,desktop,email,
3305,U00435,view_product,2026-08-24 12:29:24,desktop,email,P0056
406,U00054,view_home,2026-08-24 12:47:15,mobile,direct,
407,U00054,view_product,2026-08-24 12:48:36,mobile,direct,P0007
408,U00054,view_home,2026-08-24 12:50:22,mobile,direct,
409,U00054,view_product,2026-08-24 12:51:54,mobile,direct,P0053
410,U00054,add_to_cart,2026-08-24 12:53:14,mobile,direct,P0053
411,U00054,checkout,2026-08-24 12:55:56,mobile,direct,P0053
2592,U00342,view_home,2026-08-24 12:59:28,mobile,email,
2593,U00342,view_product,2026-08-24 12:59:42,mobile,email,P0053
2594,U00342,view_home,2026-08-24 13:01:40,mobile,email,
2595,U00342,view_product,2026-08-24 13:01:49,mobile,email,P0118
2596,U00342,view_home,2026-08-24 13:02:09,mobile,email,
2597,U00342,view_product,2026-08-24 13:03:06,mobile,email,P0083
1279,U00165,view_home,2026-08-24 13:08:42,desktop,social,
1280,U00165,view_product,2026-08-24 13:09:04,desktop,social,P0060
1281,U00165,view_home,2026-08-24 13:10:13,desktop,social,
1599,U00206,view_product,2026-08-24 13:10:57,mobile,direct,P0061
1282,U00165,view_product,2026-08-24 13:12:29,desktop,social,P0094
1283,U00165,add_to_cart,2026-08-24 13:15:14,desktop,social,P0094
1675,U00219,view_home,2026-08-24 14:13:36,mobile,paid_search,
1676,U00219,view_product,2026-08-24 14:14:35,mobile,paid_search,P0068
2967,U00392,view_home,2026-08-24 15:19:45,tablet,email,
1970,U00260,view_home,2026-08-24 15:19:48,tablet,social,
2968,U00392,view_product,2026-08-24 15:20:03,tablet,email,P0048
1971,U00260,view_product,2026-08-24 15:20:13,tablet,social,P0075
1972,U00260,view_home,2026-08-24 15:20:25,tablet,social,
1973,U00260,view_product,2026-08-24 15:21:07,tablet,social,P0003
2501,U00330,view_home,2026-08-24 15:26:22,desktop,paid_search,
2502,U00330,view_product,2026-08-24 15:27:19,desktop,paid_search,P0051
2503,U00330,view_home,2026-08-24 15:27:44,desktop,paid_search,
1812,U00242,view_home,2026-08-24 15:43:57,mobile,organic_search,
797,U00105,view_home,2026-08-24 15:52:03,desktop,direct,
798,U00105,view_product,2026-08-24 15:54:58,desktop,direct,P0070
544,U00072,view_home,2026-08-24 16:04:16,mobile,organic_search,
1373,U00178,view_home,2026-08-24 17:17:56,mobile,direct,
1374,U00178,view_product,2026-08-24 17:19:14,mobile,direct,P0112
1375,U00178,view_home,2026-08-24 17:19:54,mobile,direct,
1376,U00178,view_product,2026-08-24 17:21:01,mobile,direct,P0024
1377,U00178,view_home,2026-08-24 17:22:43,mobile,direct,
1974,U00260,add_to_cart,2026-08-24 17:28:07,tablet,social,P0003
1975,U00260,checkout,2026-08-24 17:29:46,tablet,social,P0003
1976,U00260,purchase,2026-08-24 17:32:37,tablet,social,P0003
3698,U00489,view_home,2026-08-24 19:09:46,desktop,paid_search,
3699,U00489,view_product,2026-08-24 19:10:16,desktop,paid_search,P0042
3700,U00489,view_home,2026-08-24 19:10:37,desktop,paid_search,
3701,U00489,view_product,2026-08-24 19:11:19,desktop,paid_search,P0009
3702,U00489,view_home,2026-08-24 19:13:18,desktop,paid_search,
3703,U00489,view_product,2026-08-24 19:15:23,desktop,paid_search,P0061
3704,U00489,add_to_cart,2026-08-24 19:16:32,desktop,paid_search,P0061
1407,U00184,view_home,2026-08-24 19:36:54,tablet,social,
3490,U00457,view_home,2026-08-24 19:53:04,tablet,organic_search,
2244,U00297,view_home,2026-08-24 20:29:24,mobile,paid_search,
2671,U00350,view_home,2026-08-24 20:31:06,tablet,paid_search,
2245,U00297,view_product,2026-08-24 20:31:35,mobile,paid_search,P0080
2672,U00350,view_product,2026-08-24 20:32:26,tablet,paid_search,P0029
2673,U00350,view_home,2026-08-24 20:32:44,tablet,paid_search,
2246,U00297,add_to_cart,2026-08-24 20:34:18,mobile,paid_search,P0080
2674,U00350,view_product,2026-08-24 20:34:49,tablet,paid_search,P0067
2675,U00350,add_to_cart,2026-08-24 20:36:12,tablet,paid_search,P0067
347,U00048,view_home,2026-08-24 20:46:40,desktop,social,
348,U00048,view_product,2026-08-24 20:47:19,desktop,social,P0008
349,U00048,add_to_cart,2026-08-24 20:49:15,desktop,social,P0008
1029,U00135,view_home,2026-08-24 20:56:46,desktop,social,
1030,U00135,view_product,2026-08-24 20:57:28,desktop,social,P0102
2786,U00365,view_home,2026-08-24 21:16:51,desktop,social,
2787,U00365,view_product,2026-08-24 21:17:50,desktop,social,P0064
2788,U00365,view_home,2026-08-24 21:18:43,desktop,social,
2789,U00365,view_product,2026-08-24 21:19:09,desktop,social,P0048
2790,U00365,view_home,2026-08-24 21:19:28,desktop,social,
2791,U00365,view_product,2026-08-24 21:21:54,desktop,social,P0046
1408,U00184,view_product,2026-08-24 23:17:54,tablet,social,P0058
1409,U00184,add_to_cart,2026-08-24 23:18:22,tablet,social,P0058
1410,U00184,checkout,2026-08-24 23:18:54,tablet,social,P0058
1411,U00184,purchase,2026-08-24 23:21:22,tablet,social,P0058
1529,U00200,view_home,2026-08-25 06:59:07,mobile,social,
1530,U00200,view_product,2026-08-25 07:00:11,mobile,social,P0006
1531,U00200,add_to_cart,2026-08-25 07:01:59,mobile,social,P0006
3709,U00490,view_home,2026-08-25 07:16:51,mobile,email,
3710,U00490,view_product,2026-08-25 07:17:11,mobile,email,P0092
3711,U00490,view_home,2026-08-25 07:18:55,mobile,email,
3712,U00490,view_product,2026-08-25 07:19:09,mobile,email,P0114
3713,U00490,add_to_cart,2026-08-25 07:19:32,mobile,email,P0114
3714,U00490,checkout,2026-08-25 07:19:50,mobile,email,P0114
3715,U00490,purchase,2026-08-25 07:22:08,mobile,email,P0114
2815,U00368,view_home,2026-08-25 08:23:32,desktop,organic_search,
2816,U00368,view_product,2026-08-25 08:24:40,desktop,organic_search,P0102
2817,U00368,add_to_cart,2026-08-25 08:26:37,desktop,organic_search,P0102
994,U00131,view_home,2026-08-25 09:21:56,mobile,direct,
995,U00131,view_product,2026-08-25 09:23:11,mobile,direct,P0048
996,U00131,add_to_cart,2026-08-25 09:23:34,mobile,direct,P0048
997,U00131,checkout,2026-08-25 09:24:06,mobile,direct,P0048
998,U00131,purchase,2026-08-25 09:26:32,mobile,direct,P0048
2433,U00323,view_home,2026-08-25 09:44:15,mobile,paid_search,
2434,U00323,view_product,2026-08-25 09:45:06,mobile,paid_search,P0002
2435,U00323,view_home,2026-08-25 09:45:20,mobile,paid_search,
2436,U00323,view_product,2026-08-25 09:46:10,mobile,paid_search,P0004
2437,U00323,view_home,2026-08-25 09:47:26,mobile,paid_search,
2438,U00323,view_product,2026-08-25 09:48:23,mobile,paid_search,P0106
2709,U00355,view_home,2026-08-25 11:00:36,tablet,direct,
2710,U00355,view_product,2026-08-25 11:03:28,tablet,direct,P0048
1417,U00184,view_home,2026-08-25 11:37:54,desktop,paid_search,
1418,U00184,view_product,2026-08-25 11:38:45,desktop,paid_search,P0095
1419,U00184,add_to_cart,2026-08-25 11:40:16,desktop,paid_search,P0095
562,U00076,view_home,2026-08-25 11:42:42,desktop,direct,
563,U00076,view_product,2026-08-25 11:45:34,desktop,direct,P0117
473,U00063,view_home,2026-08-25 12:10:19,desktop,direct,
2353,U00314,view_home,2026-08-25 12:23:50,tablet,paid_search,
2354,U00314,view_product,2026-08-25 12:24:31,tablet,paid_search,P0006
2355,U00314,view_home,2026-08-25 12:24:56,tablet,paid_search,
2356,U00314,view_product,2026-08-25 12:26:20,tablet,paid_search,P0075
2357,U00314,add_to_cart,2026-08-25 12:27:03,tablet,paid_search,P0075
2015,U00264,view_home,2026-08-25 13:43:13,desktop,social,
258,U00038,view_home,2026-08-25 14:17:21,mobile,paid_search,
259,U00038,view_product,2026-08-25 14:19:14,mobile,paid_search,P0090
260,U00038,add_to_cart,2026-08-25 14:20:59,mobile,paid_search,P0090
261,U00038,checkout,2026-08-25 14:23:53,mobile,paid_search,P0090
3244,U00428,view_home,2026-08-25 14:35:16,tablet,paid_search,
3245,U00428,view_product,2026-08-25 14:36:25,tablet,paid_search,P0100
3246,U00428,view_home,2026-08-25 14:37:54,tablet,paid_search,
3247,U00428,view_product,2026-08-25 14:39:24,tablet,paid_search,P0074
156,U00025,view_home,2026-08-25 14:40:59,desktop,email,
157,U00025,view_product,2026-08-25 14:41:57,desktop,email,P0069
158,U00025,view_home,2026-08-25 14:43:37,desktop,email,
159,U00025,view_product,2026-08-25 14:44:41,desktop,email,P0039
160,U00025,add_to_cart,2026-08-25 14:46:53,desktop,email,P0039
161,U00025,checkout,2026-08-25 14:48:44,desktop,email,P0039
3176,U00418,view_home,2026-08-25 17:37:40,desktop,email,
3177,U00418,view_product,2026-08-25 17:38:54,desktop,email,P0116
3178,U00418,view_home,2026-08-25 17:39:56,desktop,email,
2665,U00349,view_home,2026-08-25 17:54:15,tablet,social,
2666,U00349,view_product,2026-08-25 17:55:37,tablet,social,P0110
2667,U00349,add_to_cart,2026-08-25 17:58:16,tablet,social,P0110
1131,U00147,view_home,2026-08-25 18:33:33,mobile,direct,
1132,U00147,view_product,2026-08-25 18:33:59,mobile,direct,P0015
1133,U00147,view_home,2026-08-25 18:34:20,mobile,direct,
1134,U00147,view_product,2026-08-25 19:49:20,mobile,direct,P0084
1135,U00147,add_to_cart,2026-08-25 19:51:31,mobile,direct,P0084
3050,U00401,view_home,2026-08-25 20:01:28,mobile,organic_search,
2708,U00355,view_home,2026-08-25 20:07:26,tablet,organic_search,
940,U00124,view_home,2026-08-25 20:14:03,tablet,email,
941,U00124,view_product,2026-08-25 20:16:19,tablet,email,P0062
942,U00124,add_to_cart,2026-08-25 20:16:33,tablet,email,P0062
943,U00124,checkout,2026-08-25 20:17:52,tablet,email,P0062
944,U00124,purchase,2026-08-25 20:20:15,tablet,email,P0062
3051,U00401,view_product,2026-08-25 23:04:28,mobile,organic_search,P0036
1098,U00142,view_home,2026-08-26 06:20:53,desktop,paid_search,
1099,U00142,view_product,2026-08-26 06:21:25,desktop,paid_search,P0094
1100,U00142,view_home,2026-08-26 06:21:32,desktop,paid_search,
1101,U00142,view_product,2026-08-26 06:22:52,desktop,paid_search,P0065
1102,U00142,view_home,2026-08-26 06:23:18,desktop,paid_search,
1103,U00142,view_product,2026-08-26 06:23:35,desktop,paid_search,P0094
1104,U00142,add_to_cart,2026-08-26 06:25:59,desktop,paid_search,P0094
855,U00113,view_home,2026-08-26 07:30:01,tablet,social,
856,U00113,view_product,2026-08-26 07:30:41,tablet,social,P0011
857,U00113,view_home,2026-08-26 07:31:25,tablet,social,
858,U00113,view_product,2026-08-26 07:32:12,tablet,social,P0069
859,U00113,add_to_cart,2026-08-26 07:35:02,tablet,social,P0069
820,U00107,view_home,2026-08-26 09:57:55,mobile,paid_search,
616,U00082,view_home,2026-08-26 10:37:56,desktop,paid_search,
2186,U00289,view_home,2026-08-26 10:38:42,desktop,paid_search,
2187,U00289,view_product,2026-08-26 10:38:58,desktop,paid_search,P0003
617,U00082,view_product,2026-08-26 10:40:22,desktop,paid_search,P0075
2188,U00289,view_home,2026-08-26 10:40:52,desktop,paid_search,
2189,U00289,view_product,2026-08-26 10:42:43,desktop,paid_search,P0099
2190,U00289,add_to_cart,2026-08-26 10:45:38,desktop,paid_search,P0099
2191,U00289,checkout,2026-08-26 10:47:36,desktop,paid_search,P0099
28,U00006,view_home,2026-08-26 12:35:23,desktop,paid_search,
3536,U00465,view_home,2026-08-26 12:52:07,mobile,direct,
3537,U00465,view_product,2026-08-26 12:54:49,mobile,direct,P0046
2282,U00302,view_home,2026-08-26 14:07:21,tablet,paid_search,
2767,U00361,view_home,2026-08-26 14:40:51,tablet,paid_search,
2768,U00361,view_product,2026-08-26 14:41:31,tablet,paid_search,P0034
2769,U00361,add_to_cart,2026-08-26 14:42:47,tablet,paid_search,P0034
2770,U00361,checkout,2026-08-26 14:44:29,tablet,paid_search,P0034
2850,U00374,view_home,2026-08-26 15:00:42,tablet,social,
2851,U00374,view_product,2026-08-26 15:03:00,tablet,social,P0112
2852,U00374,add_to_cart,2026-08-26 15:04:50,tablet,social,P0112
2305,U00305,view_home,2026-08-26 16:42:30,tablet,social,
2306,U00305,view_product,2026-08-26 16:44:26,tablet,social,P0100
1604,U00207,view_home,2026-08-26 17:07:55,tablet,social,
1605,U00207,view_product,2026-08-26 17:08:12,tablet,social,P0077
1606,U00207,add_to_cart,2026-08-26 17:08:30,tablet,social,P0077
1338,U00174,view_home,2026-08-26 17:10:36,tablet,social,
1339,U00174,view_product,2026-08-26 17:11:57,tablet,social,P0008
1340,U00174,view_home,2026-08-26 17:13:41,tablet,social,
3277,U00434,view_home,2026-08-26 17:15:43,desktop,social,
3278,U00434,view_product,2026-08-26 17:17:02,desktop,social,P0061
3279,U00434,view_home,2026-08-26 17:17:40,desktop,social,
3398,U00447,view_home,2026-08-26 18:41:13,tablet,paid_search,
3399,U00447,view_product,2026-08-26 18:42:47,tablet,paid_search,P0092
2611,U00342,view_home,2026-08-26 18:51:12,tablet,organic_search,
2612,U00342,view_product,2026-08-26 18:52:11,tablet,organic_search,P0022
2613,U00342,view_home,2026-08-26 18:54:02,tablet,organic_search,
2614,U00342,view_product,2026-08-26 18:55:01,tablet,organic_search,P0033
2615,U00342,view_home,2026-08-26 18:56:34,tablet,organic_search,
2616,U00342,view_product,2026-08-26 18:59:30,tablet,organic_search,P0067
3280,U00434,view_product,2026-08-26 19:39:40,desktop,social,P0090
3281,U00434,add_to_cart,2026-08-26 19:40:03,desktop,social,P0090
3282,U00434,checkout,2026-08-26 19:41:35,desktop,social,P0090
3631,U00477,view_home,2026-08-26 20:37:41,desktop,paid_search,
3632,U00477,view_product,2026-08-26 20:37:51,desktop,paid_search,P0041
3633,U00477,add_to_cart,2026-08-26 20:39:41,desktop,paid_search,P0041
568,U00077,view_home,2026-08-26 20:53:53,mobile,paid_search,
2480,U00327,view_home,2026-08-26 20:57:41,tablet,organic_search,
2481,U00327,view_product,2026-08-26 20:58:05,tablet,organic_search,P0111
2482,U00327,view_home,2026-08-26 20:59:00,tablet,organic_search,
2483,U00327,view_product,2026-08-26 21:00:01,tablet,organic_search,P0061
2484,U00327,add_to_cart,2026-08-26 21:02:30,tablet,organic_search,P0061
593,U00081,view_home,2026-08-26 21:03:17,mobile,social,
594,U00081,view_product,2026-08-26 21:04:00,mobile,social,P0042
595,U00081,add_to_cart,2026-08-26 21:04:09,mobile,social,P0042
596,U00081,checkout,2026-08-26 21:05:25,mobile,social,P0042
1725,U00230,view_home,2026-08-26 21:25:50,desktop,email,
3471,U00454,view_home,2026-08-26 21:39:02,tablet,paid_search,
3472,U00454,view_product,2026-08-26 21:39:54,tablet,paid_search,P0043
3473,U00454,view_home,2026-08-26 21:40:51,tablet,paid_search,
3474,U00454,view_product,2026-08-26 21:41:02,tablet,paid_search,P0038
3625,U00475,view_home,2026-08-26 22:38:58,desktop,paid_search,
3626,U00475,view_product,2026-08-26 22:39:29,desktop,paid_search,P0018
3627,U00475,add_to_cart,2026-08-26 22:41:25,desktop,paid_search,P0018
3628,U00475,checkout,2026-08-26 22:44:25,desktop,paid_search,P0018
3071,U00404,view_home,2026-08-26 22:47:27,desktop,email,
3634,U00477,checkout,2026-08-26 23:02:41,desktop,paid_search,P0041
3635,U00477,purchase,2026-08-26 23:05:23,desktop,paid_search,P0041
3475,U00454,add_to_cart,2026-08-27 00:30:02,tablet,paid_search,P0038
3476,U00454,checkout,2026-08-27 00:32:14,tablet,paid_search,P0038
3477,U00454,purchase,2026-08-27 00:32:28,tablet,paid_search,P0038
1726,U00230,view_product,2026-08-27 01:00:50,desktop,email,P0008
1170,U00153,view_home,2026-08-27 06:50:47,tablet,social,
1171,U00153,view_product,2026-08-27 06:51:49,tablet,social,P0059
1172,U00153,view_home,2026-08-27 06:53:18,tablet,social,
1173,U00153,view_product,2026-08-27 06:55:33,tablet,social,P0016
1174,U00153,add_to_cart,2026-08-27 06:58:02,tablet,social,P0016
2311,U00306,view_home,2026-08-27 08:00:30,desktop,email,
2312,U00306,view_product,2026-08-27 08:01:56,desktop,email,P0074
2919,U00386,view_home,2026-08-27 08:43:31,desktop,direct,
2920,U00386,view_product,2026-08-27 08:45:39,desktop,direct,P0096
2921,U00386,add_to_cart,2026-08-27 08:48:32,desktop,direct,P0096
3629,U00476,view_home,2026-08-27 09:16:04,desktop,direct,
3630,U00476,view_product,2026-08-27 09:17:40,desktop,direct,P0088
3023,U00399,view_home,2026-08-27 09:51:25,desktop,direct,
3024,U00399,view_product,2026-08-27 09:52:04,desktop,direct,P0071
3025,U00399,add_to_cart,2026-08-27 09:54:10,desktop,direct,P0071
3026,U00399,checkout,2026-08-27 09:55:59,desktop,direct,P0071
3027,U00399,purchase,2026-08-27 09:57:04,desktop,direct,P0071
1577,U00205,view_home,2026-08-27 10:22:32,tablet,paid_search,
1578,U00205,view_product,2026-08-27 10:23:54,tablet,paid_search,P0043
2912,U00386,view_home,2026-08-27 10:24:52,desktop,paid_search,
1579,U00205,view_home,2026-08-27 10:24:56,tablet,paid_search,
2913,U00386,view_product,2026-08-27 10:25:12,desktop,paid_search,P0090
1580,U00205,view_product,2026-08-27 10:26:10,tablet,paid_search,P0017
1581,U00205,view_home,2026-08-27 10:26:41,tablet,paid_search,
2914,U00386,view_home,2026-08-27 10:26:47,desktop,paid_search,
1582,U00205,view_product,2026-08-27 10:27:40,tablet,paid_search,P0055
2915,U00386,view_product,2026-08-27 10:28:43,desktop,paid_search,P0008
2916,U00386,add_to_cart,2026-08-27 10:31:40,desktop,paid_search,P0008
2517,U00331,view_home,2026-08-27 10:32:07,desktop,social,
2518,U00331,view_product,2026-08-27 10:34:40,desktop,social,P0094
2519,U00331,add_to_cart,2026-08-27 10:34:59,desktop,social,P0094
2520,U00331,checkout,2026-08-27 10:36:17,desktop,social,P0094
1116,U00144,view_home,2026-08-27 11:22:36,desktop,organic_search,
1117,U00144,view_product,2026-08-27 11:24:08,desktop,organic_search,P0071
255,U00037,view_home,2026-08-27 12:11:14,tablet,email,
256,U00037,view_product,2026-08-27 12:13:50,tablet,email,P0106
1118,U00144,add_to_cart,2026-08-27 12:21:08,desktop,organic_search,P0071
2469,U00326,view_home,2026-08-27 12:41:25,mobile,email,
2132,U00281,view_home,2026-08-27 12:41:31,desktop,direct,
2470,U00326,view_product,2026-08-27 12:44:18,mobile,email,P0035
2471,U00326,add_to_cart,2026-08-27 12:45:41,mobile,email,P0035
1239,U00161,view_home,2026-08-27 13:03:50,mobile,direct,
1240,U00161,view_product,2026-08-27 13:03:59,mobile,direct,P0056
3460,U00453,view_home,2026-08-27 13:07:29,mobile,direct,
3461,U00453,view_product,2026-08-27 13:08:33,mobile,direct,P0052
3462,U00453,add_to_cart,2026-08-27 13:09:59,mobile,direct,P0052
3463,U00453,checkout,2026-08-27 13:10:49,mobile,direct,P0052
3464,U00453,purchase,2026-08-27 13:11:25,mobile,direct,P0052
1587,U00206,view_home,2026-08-27 13:29:11,mobile,direct,
1588,U00206,view_product,2026-08-27 13:30:37,mobile,direct,P0120
1589,U00206,view_home,2026-08-27 13:32:16,mobile,direct,
1590,U00206,view_product,2026-08-27 13:32:56,mobile,direct,P0020
1591,U00206,view_home,2026-08-27 13:34:40,mobile,direct,
1592,U00206,view_product,2026-08-27 13:34:54,mobile,direct,P0096
1920,U00253,view_home,2026-08-27 14:04:48,tablet,organic_search,
2347,U00313,view_home,2026-08-27 14:07:07,desktop,social,
1921,U00253,view_product,2026-08-27 14:07:09,tablet,organic_search,P0038
2348,U00313,view_product,2026-08-27 14:07:30,desktop,social,P0048
2349,U00313,view_home,2026-08-27 14:08:44,desktop,social,
3596,U00471,view_home,2026-08-27 14:39:22,mobile,email,
3597,U00471,view_product,2026-08-27 14:39:50,mobile,email,P0117
3598,U00471,view_home,2026-08-27 14:40:40,mobile,email,
3599,U00471,view_product,2026-08-27 14:41:24,mobile,email,P0021
3600,U00471,view_home,2026-08-27 14:42:28,mobile,email,
3601,U00471,view_product,2026-08-27 14:44:28,mobile,email,P0083
2247,U00297,view_home,2026-08-27 14:59:16,mobile,paid_search,
1646,U00213,view_home,2026-08-27 15:33:03,desktop,paid_search,
1647,U00213,view_product,2026-08-27 15:35:26,desktop,paid_search,P0079
2908,U00384,view_home,2026-08-27 15:35:33,tablet,paid_search,
2909,U00384,view_product,2026-08-27 15:35:45,tablet,paid_search,P0090
2910,U00384,add_to_cart,2026-08-27 15:36:27,tablet,paid_search,P0090
3264,U00431,view_home,2026-08-27 16:20:43,tablet,organic_search,
3265,U00431,view_product,2026-08-27 16:23:35,tablet,organic_search,P0044
3266,U00431,add_to_cart,2026-08-27 16:24:36,tablet,organic_search,P0044
1922,U00253,view_home,2026-08-27 16:32:05,mobile,email,
1923,U00253,view_product,2026-08-27 16:34:06,mobile,email,P0063
1924,U00253,add_to_cart,2026-08-27 16:35:32,mobile,email,P0063
1925,U00253,checkout,2026-08-27 16:37:43,mobile,email,P0063
1926,U00253,purchase,2026-08-27 16:38:03,mobile,email,P0063
3766,U00498,view_home,2026-08-27 16:56:50,mobile,direct,
3767,U00498,view_product,2026-08-27 16:59:43,mobile,direct,P0081
3768,U00498,add_to_cart,2026-08-27 17:00:54,mobile,direct,P0081
3769,U00498,checkout,2026-08-27 17:03:10,mobile,direct,P0081
3770,U00498,purchase,2026-08-27 17:04:04,mobile,direct,P0081
101,U00016,view_home,2026-08-27 17:17:55,tablet,paid_search,
102,U00016,view_product,2026-08-27 17:18:20,tablet,paid_search,P0103
103,U00016,view_home,2026-08-27 17:20:08,tablet,paid_search,
104,U00016,view_product,2026-08-27 17:20:35,tablet,paid_search,P0113
105,U00016,view_home,2026-08-27 17:21:32,tablet,paid_search,
106,U00016,view_product,2026-08-27 17:23:05,tablet,paid_search,P0119
3122,U00411,view_home,2026-08-27 17:35:40,mobile,organic_search,
3123,U00411,view_product,2026-08-27 17:36:59,mobile,organic_search,P0067
3124,U00411,add_to_cart,2026-08-27 17:38:04,mobile,organic_search,P0067
3125,U00411,checkout,2026-08-27 17:38:33,mobile,organic_search,P0067
3126,U00411,purchase,2026-08-27 17:39:43,mobile,organic_search,P0067
2565,U00338,view_home,2026-08-27 17:47:50,mobile,organic_search,
2566,U00338,view_product,2026-08-27 17:48:37,mobile,organic_search,P0044
2567,U00338,view_home,2026-08-27 17:49:13,mobile,organic_search,
314,U00044,view_home,2026-08-27 17:55:20,desktop,direct,
2617,U00343,view_home,2026-08-27 19:41:53,tablet,organic_search,
2618,U00343,view_product,2026-08-27 19:42:42,tablet,organic_search,P0105
2619,U00343,view_home,2026-08-27 19:43:05,tablet,organic_search,
2620,U00343,view_product,2026-08-27 19:44:54,tablet,organic_search,P0014
2750,U00359,view_home,2026-08-27 20:57:22,desktop,email,
2751,U00359,view_product,2026-08-27 20:57:49,desktop,email,P0101
2752,U00359,add_to_cart,2026-08-27 21:00:17,desktop,email,P0101
2753,U00359,checkout,2026-08-27 21:00:47,desktop,email,P0101
2754,U00359,purchase,2026-08-27 21:02:04,desktop,email,P0101
2568,U00338,view_product,2026-08-27 21:14:13,mobile,organic_search,P0030
2232,U00294,view_home,2026-08-27 21:26:54,mobile,social,
2233,U00294,view_product,2026-08-27 21:27:36,mobile,social,P0005
2234,U00294,view_home,2026-08-27 21:28:43,mobile,social,
2235,U00294,view_product,2026-08-27 21:31:27,mobile,social,P0077
2272,U00301,view_home,2026-08-28 07:07:08,mobile,organic_search,
2273,U00301,view_product,2026-08-28 07:07:32,mobile,organic_search,P0116
2274,U00301,view_home,2026-08-28 07:08:50,mobile,organic_search,
2275,U00301,view_product,2026-08-28 07:09:02,mobile,organic_search,P0081
2276,U00301,view_home,2026-08-28 07:10:38,mobile,organic_search,
3487,U00457,view_home,2026-08-28 07:41:38,desktop,direct,
3488,U00457,view_product,2026-08-28 07:43:55,desktop,direct,P0072
272,U00041,view_home,2026-08-28 07:47:31,tablet,organic_search,
803,U00106,view_home,2026-08-28 09:01:17,tablet,paid_search,
2976,U00394,view_home,2026-08-28 09:37:52,mobile,email,
1008,U00133,view_home,2026-08-28 09:40:32,tablet,paid_search,
1009,U00133,view_product,2026-08-28 09:40:57,tablet,paid_search,P0107
1010,U00133,add_to_cart,2026-08-28 09:43:26,tablet,paid_search,P0107
273,U00041,view_product,2026-08-28 09:45:31,tablet,organic_search,P0057
1011,U00133,checkout,2026-08-28 09:45:31,tablet,paid_search,P0107
2358,U00315,view_home,2026-08-28 09:50:18,tablet,social,
2359,U00315,view_product,2026-08-28 09:51:32,tablet,social,P0103
1318,U00172,view_home,2026-08-28 10:10:39,mobile,direct,
1319,U00172,view_product,2026-08-28 10:13:14,mobile,direct,P0045
1320,U00172,add_to_cart,2026-08-28 10:15:24,mobile,direct,P0045
3489,U00457,add_to_cart,2026-08-28 10:25:55,desktop,direct,P0072
804,U00106,view_product,2026-08-28 11:05:17,tablet,paid_search,P0101
805,U00106,add_to_cart,2026-08-28 11:06:08,tablet,paid_search,P0101
806,U00106,checkout,2026-08-28 11:07:30,tablet,paid_search,P0101
2157,U00287,view_home,2026-08-28 11:09:01,mobile,social,
2158,U00287,view_product,2026-08-28 11:09:39,mobile,social,P0067
807,U00106,purchase,2026-08-28 11:09:49,tablet,paid_search,P0101
2159,U00287,view_home,2026-08-28 11:10:24,mobile,social,
2160,U00287,view_product,2026-08-28 11:12:37,mobile,social,P0107
3590,U00469,view_home,2026-08-28 12:18:55,tablet,email,
3291,U00435,view_home,2026-08-28 14:41:39,mobile,paid_search,
3292,U00435,view_product,2026-08-28 14:41:47,mobile,paid_search,P0100
3293,U00435,view_home,2026-08-28 14:43:32,mobile,paid_search,
3294,U00435,view_product,2026-08-28 14:44:02,mobile,paid_search,P0069
3295,U00435,view_home,2026-08-28 14:45:24,mobile,paid_search,
1714,U00228,view_home,2026-08-28 16:19:32,mobile,social,
118,U00018,view_home,2026-08-28 17:02:08,tablet,organic_search,
119,U00018,view_product,2026-08-28 17:02:37,tablet,organic_search,P0033
120,U00018,view_home,2026-08-28 17:02:47,tablet,organic_search,
238,U00034,view_home,2026-08-28 17:33:21,mobile,organic_search,
239,U00034,view_product,2026-08-28 17:34:10,mobile,organic_search,P0061
240,U00034,add_to_cart,2026-08-28 17:35:31,mobile,organic_search,P0061
1724,U00230,view_home,2026-08-28 19:04:01,mobile,organic_search,
2902,U00383,view_home,2026-08-28 19:13:45,mobile,paid_search,
2903,U00383,view_product,2026-08-28 19:15:23,mobile,paid_search,P0012
2904,U00383,add_to_cart,2026-08-28 19:17:16,mobile,paid_search,P0012
121,U00018,view_product,2026-08-28 19:54:47,tablet,organic_search,P0050
1715,U00228,view_product,2026-08-28 19:56:32,mobile,social,P0089
3330,U00441,view_home,2026-08-28 20:14:49,tablet,organic_search,
3331,U00441,view_product,2026-08-28 20:16:10,tablet,organic_search,P0104
962,U00126,view_home,2026-08-28 20:24:54,tablet,direct,
963,U00126,view_product,2026-08-28 20:27:39,tablet,direct,P0084
1432,U00186,view_home,2026-08-28 20:31:35,mobile,social,
1433,U00186,view_product,2026-08-28 20:32:50,mobile,social,P0048
1434,U00186,view_home,2026-08-28 20:33:19,mobile,social,
1435,U00186,view_product,2026-08-28 20:35:08,mobile,social,P0030
1436,U00186,add_to_cart,2026-08-28 20:38:01,mobile,social,P0030
1437,U00186,checkout,2026-08-28 20:39:16,mobile,social,P0030
1438,U00186,purchase,2026-08-28 20:41:36,mobile,social,P0030
1798,U00240,view_home,2026-08-29 07:15:48,mobile,paid_search,
1799,U00240,view_product,2026-08-29 07:18:14,mobile,paid_search,P0079
981,U00129,view_home,2026-08-29 07:20:30,desktop,email,
498,U00066,view_home,2026-08-29 07:35:53,tablet,email,
499,U00066,view_product,2026-08-29 07:37:17,tablet,email,P0086
3688,U00487,view_home,2026-08-29 08:51:27,desktop,direct,
1840,U00246,view_home,2026-08-29 10:26:07,tablet,organic_search,
2360,U00315,view_home,2026-08-29 10:58:12,desktop,email,
477,U00064,view_home,2026-08-29 12:23:58,mobile,organic_search,
478,U00064,view_product,2026-08-29 12:24:48,mobile,organic_search,P0079
479,U00064,view_home,2026-08-29 12:25:48,mobile,organic_search,
480,U00064,view_product,2026-08-29 12:26:10,mobile,organic_search,P0094
481,U00064,add_to_cart,2026-08-29 12:27:51,mobile,organic_search,P0094
1777,U00237,view_home,2026-08-29 12:57:15,tablet,email,
1778,U00237,view_product,2026-08-29 12:57:25,tablet,email,P0013
1779,U00237,view_home,2026-08-29 12:58:38,tablet,email,
1780,U00237,view_product,2026-08-29 13:00:36,tablet,email,P0068
3535,U00464,view_home,2026-08-29 13:44:39,tablet,direct,
711,U00092,view_home,2026-08-29 14:55:52,desktop,email,
712,U00092,view_product,2026-08-29 14:56:52,desktop,email,P0024
713,U00092,view_home,2026-08-29 14:58:24,desktop,email,
714,U00092,view_product,2026-08-29 14:59:43,desktop,email,P0085
715,U00092,view_home,2026-08-29 15:00:36,desktop,email,
716,U00092,view_product,2026-08-29 15:01:47,desktop,email,P0071
3636,U00478,view_home,2026-08-29 15:08:23,mobile,direct,
3637,U00478,view_product,2026-08-29 15:09:16,mobile,direct,P0092
3424,U00450,view_home,2026-08-29 15:28:57,desktop,direct,
3425,U00450,view_product,2026-08-29 15:29:17,desktop,direct,P0057
3426,U00450,view_home,2026-08-29 15:31:15,desktop,direct,
3427,U00450,view_product,2026-08-29 15:32:15,desktop,direct,P0064
3428,U00450,view_home,2026-08-29 15:32:53,desktop,direct,
3429,U00450,view_product,2026-08-29 15:34:12,desktop,direct,P0038
96,U00015,view_home,2026-08-29 16:02:34,tablet,direct,
97,U00015,view_product,2026-08-29 16:03:20,tablet,direct,P0072
98,U00015,add_to_cart,2026-08-29 16:05:57,tablet,direct,P0072
2646,U00347,view_home,2026-08-29 17:15:24,tablet,direct,
2647,U00347,view_product,2026-08-29 17:16:54,tablet,direct,P0066
2648,U00347,add_to_cart,2026-08-29 17:17:13,tablet,direct,P0066
2846,U00374,view_home,2026-08-29 17:27:58,tablet,organic_search,
2847,U00374,view_product,2026-08-29 17:30:14,tablet,organic_search,P0117
569,U00078,view_home,2026-08-29 17:56:29,mobile,direct,
570,U00078,view_product,2026-08-29 17:57:46,mobile,direct,P0028
571,U00078,add_to_cart,2026-08-29 18:00:24,mobile,direct,P0028
2320,U00308,view_home,2026-08-29 18:08:46,mobile,paid_search,
2321,U00308,view_product,2026-08-29 18:09:02,mobile,paid_search,P0103
2322,U00308,view_home,2026-08-29 18:10:26,mobile,paid_search,
2323,U00308,view_product,2026-08-29 18:11:33,mobile,paid_search,P0111
1472,U00191,view_home,2026-08-29 19:20:50,desktop,organic_search,
1473,U00191,view_product,2026-08-29 19:21:08,desktop,organic_search,P0089
1474,U00191,add_to_cart,2026-08-29 19:22:31,desktop,organic_search,P0089
2564,U00337,view_home,2026-08-29 19:27:27,mobile,paid_search,
3763,U00497,view_home,2026-08-29 20:09:07,tablet,paid_search,
3764,U00497,view_product,2026-08-29 20:10:30,tablet,paid_search,P0097
3765,U00497,view_home,2026-08-29 20:11:33,tablet,paid_search,
1152,U00150,view_home,2026-08-29 20:35:11,tablet,direct,
1153,U00150,view_product,2026-08-29 20:36:13,tablet,direct,P0041
1154,U00150,view_home,2026-08-29 20:36:33,tablet,direct,
572,U00078,checkout,2026-08-29 20:50:24,mobile,direct,P0028
573,U00078,purchase,2026-08-29 20:50:57,mobile,direct,P0028
649,U00085,view_home,2026-08-29 21:25:17,mobile,organic_search,
650,U00085,view_product,2026-08-29 21:25:46,mobile,organic_search,P0007
651,U00085,view_home,2026-08-29 21:26:25,mobile,organic_search,
652,U00085,view_product,2026-08-29 21:26:43,mobile,organic_search,P0069
800,U00105,view_home,2026-08-29 21:45:07,desktop,paid_search,
801,U00105,view_product,2026-08-29 21:46:27,desktop,paid_search,P0089
802,U00105,view_home,2026-08-29 21:47:16,desktop,paid_search,
933,U00123,view_home,2026-08-29 22:04:56,desktop,organic_search,
934,U00123,view_product,2026-08-29 22:05:32,desktop,organic_search,P0083
935,U00123,view_home,2026-08-29 22:06:14,desktop,organic_search,
936,U00123,view_product,2026-08-29 22:08:24,desktop,organic_search,P0079
937,U00123,add_to_cart,2026-08-29 22:09:07,desktop,organic_search,P0079
938,U00123,checkout,2026-08-29 22:11:29,desktop,organic_search,P0079
939,U00123,purchase,2026-08-29 22:13:56,desktop,organic_search,P0079
147,U00023,view_home,2026-08-29 22:19:59,desktop,direct,
148,U00023,view_product,2026-08-29 22:22:20,desktop,direct,P0058
149,U00023,add_to_cart,2026-08-29 22:24:20,desktop,direct,P0058
150,U00023,checkout,2026-08-29 22:25:37,desktop,direct,P0058
151,U00023,purchase,2026-08-29 22:26:05,desktop,direct,P0058
1478,U00192,view_home,2026-08-30 06:00:47,tablet,social,
1479,U00192,view_product,2026-08-30 06:00:54,tablet,social,P0080
1480,U00192,view_home,2026-08-30 06:02:48,tablet,social,
1481,U00192,view_product,2026-08-30 06:04:18,tablet,social,P0049
3208,U00421,view_home,2026-08-30 06:30:13,tablet,organic_search,
3344,U00442,view_home,2026-08-30 06:40:25,mobile,direct,
3345,U00442,view_product,2026-08-30 06:40:57,mobile,direct,P0053
3346,U00442,view_home,2026-08-30 06:41:09,mobile,direct,
1857,U00248,view_home,2026-08-30 06:47:18,desktop,organic_search,
3572,U00468,view_home,2026-08-30 07:36:17,desktop,organic_search,
3573,U00468,view_product,2026-08-30 07:36:45,desktop,organic_search,P0041
3574,U00468,view_home,2026-08-30 07:38:05,desktop,organic_search,
1618,U00209,view_home,2026-08-30 07:38:30,mobile,email,
1619,U00209,view_product,2026-08-30 07:38:55,mobile,email,P0092
1620,U00209,view_home,2026-08-30 07:40:33,mobile,email,
1621,U00209,view_product,2026-08-30 07:42:36,mobile,email,P0089
1701,U00224,view_home,2026-08-30 07:46:14,mobile,email,
1702,U00224,view_product,2026-08-30 07:47:18,mobile,email,P0061
661,U00088,view_home,2026-08-30 07:47:42,tablet,direct,
1703,U00224,view_home,2026-08-30 07:47:52,mobile,email,
662,U00088,view_product,2026-08-30 07:48:13,tablet,direct,P0048
663,U00088,view_home,2026-08-30 07:48:58,tablet,direct,
664,U00088,view_product,2026-08-30 07:50:02,tablet,direct,P0098
2975,U00393,view_home,2026-08-30 07:59:11,desktop,paid_search,
2016,U00265,view_home,2026-08-30 08:00:29,tablet,paid_search,
2017,U00265,view_product,2026-08-30 08:01:10,tablet,paid_search,P0072
2018,U00265,view_home,2026-08-30 08:02:47,tablet,paid_search,
2019,U00265,view_product,2026-08-30 08:03:24,tablet,paid_search,P0064
2020,U00265,add_to_cart,2026-08-30 08:04:51,tablet,paid_search,P0064
2676,U00351,view_home,2026-08-30 08:41:01,tablet,email,
2677,U00351,view_product,2026-08-30 08:41:10,tablet,email,P0077
2678,U00351,view_home,2026-08-30 08:41:55,tablet,email,
2679,U00351,view_product,2026-08-30 08:42:34,tablet,email,P0019
2680,U00351,add_to_cart,2026-08-30 08:45:08,tablet,email,P0019
3575,U00468,view_product,2026-08-30 08:56:05,desktop,organic_search,P0024
1609,U00209,view_home,2026-08-30 09:01:50,mobile,email,
1610,U00209,view_product,2026-08-30 09:03:01,mobile,email,P0116
1611,U00209,view_home,2026-08-30 09:03:24,mobile,email,
2654,U00349,view_home,2026-08-30 09:03:33,mobile,organic_search,
2655,U00349,view_product,2026-08-30 09:04:08,mobile,organic_search,P0032
1612,U00209,view_product,2026-08-30 09:04:28,mobile,email,P0107
2656,U00349,view_home,2026-08-30 09:04:40,mobile,organic_search,
2657,U00349,view_product,2026-08-30 09:05:10,mobile,organic_search,P0062
2658,U00349,add_to_cart,2026-08-30 09:05:25,mobile,organic_search,P0062
1613,U00209,view_home,2026-08-30 09:05:55,mobile,email,
1614,U00209,view_product,2026-08-30 09:06:31,mobile,email,P0079
2659,U00349,checkout,2026-08-30 09:07:11,mobile,organic_search,P0062
1615,U00209,add_to_cart,2026-08-30 09:08:58,mobile,email,P0079
1616,U00209,checkout,2026-08-30 09:11:01,mobile,email,P0079
1617,U00209,purchase,2026-08-30 09:12:00,mobile,email,P0079
1858,U00248,view_product,2026-08-30 09:33:18,desktop,organic_search,P0119
1859,U00248,add_to_cart,2026-08-30 09:35:19,desktop,organic_search,P0119
3347,U00442,view_product,2026-08-30 09:52:09,mobile,direct,P0082
2485,U00327,view_home,2026-08-30 12:12:05,desktop,email,
3010,U00397,view_home,2026-08-30 13:32:15,mobile,email,
3011,U00397,view_product,2026-08-30 13:33:14,mobile,email,P0067
3012,U00397,view_home,2026-08-30 13:34:56,mobile,email,
3013,U00397,view_product,2026-08-30 13:37:01,mobile,email,P0046
3014,U00397,add_to_cart,2026-08-30 13:39:41,mobile,email,P0046
3015,U00397,checkout,2026-08-30 13:41:01,mobile,email,P0046
2926,U00386,view_home,2026-08-30 16:05:17,tablet,email,
2927,U00386,view_product,2026-08-30 16:06:05,tablet,email,P0118
2928,U00386,add_to_cart,2026-08-30 16:07:49,tablet,email,P0118
2203,U00291,view_home,2026-08-30 18:01:49,tablet,social,
2204,U00291,view_product,2026-08-30 18:04:05,tablet,social,P0105
2205,U00291,add_to_cart,2026-08-30 18:06:11,tablet,social,P0105
2206,U00291,checkout,2026-08-30 18:07:59,tablet,social,P0105
2207,U00291,purchase,2026-08-30 18:09:23,tablet,social,P0105
2197,U00290,view_home,2026-08-30 18:18:51,desktop,paid_search,
2198,U00290,view_product,2026-08-30 18:20:13,desktop,paid_search,P0120
745,U00096,view_home,2026-08-30 18:53:43,desktop,direct,
746,U00096,view_product,2026-08-30 18:55:35,desktop,direct,P0103
2139,U00283,view_home,2026-08-30 21:03:35,tablet,direct,
2140,U00283,view_product,2026-08-30 21:04:51,tablet,direct,P0016
2141,U00283,add_to_cart,2026-08-30 21:05:32,tablet,direct,P0016
2142,U00283,checkout,2026-08-30 21:06:35,tablet,direct,P0016
3213,U00422,view_home,2026-08-30 21:16:37,desktop,organic_search,
1289,U00166,view_home,2026-08-30 22:02:53,desktop,organic_search,
1290,U00166,view_product,2026-08-30 22:04:11,desktop,organic_search,P0084
2199,U00290,add_to_cart,2026-08-30 22:20:13,desktop,paid_search,P0120
162,U00025,view_home,2026-08-30 22:44:23,desktop,social,
163,U00025,view_product,2026-08-30 22:44:37,desktop,social,P0069
164,U00025,add_to_cart,2026-08-30 22:46:43,desktop,social,P0069
165,U00025,checkout,2026-08-30 22:48:14,desktop,social,P0069
166,U00025,purchase,2026-08-30 22:49:59,desktop,social,P0069
574,U00079,view_home,2026-08-31 07:49:49,tablet,paid_search,
575,U00079,view_product,2026-08-31 07:50:14,tablet,paid_search,P0053
576,U00079,view_home,2026-08-31 07:51:42,tablet,paid_search,
577,U00079,view_product,2026-08-31 07:52:47,tablet,paid_search,P0062
578,U00079,view_home,2026-08-31 07:54:15,tablet,paid_search,
579,U00079,view_product,2026-08-31 07:55:45,tablet,paid_search,P0001
2238,U00295,view_home,2026-08-31 08:07:43,mobile,social,
1664,U00218,view_home,2026-08-31 08:49:43,tablet,direct,
1665,U00218,view_product,2026-08-31 08:50:30,tablet,direct,P0060
1666,U00218,view_home,2026-08-31 08:52:15,tablet,direct,
3741,U00494,view_home,2026-08-31 09:11:34,mobile,direct,
3742,U00494,view_product,2026-08-31 09:11:47,mobile,direct,P0044
3743,U00494,view_home,2026-08-31 09:12:20,mobile,direct,
3744,U00494,view_product,2026-08-31 09:13:39,mobile,direct,P0002
2239,U00295,view_product,2026-08-31 09:55:43,mobile,social,P0083
2194,U00290,view_home,2026-08-31 10:53:15,tablet,social,
2195,U00290,view_product,2026-08-31 10:54:10,tablet,social,P0055
2196,U00290,add_to_cart,2026-08-31 10:54:28,tablet,social,P0055
693,U00092,view_home,2026-08-31 10:56:06,desktop,organic_search,
694,U00092,view_product,2026-08-31 10:57:20,desktop,organic_search,P0073
695,U00092,view_home,2026-08-31 10:58:49,desktop,organic_search,
696,U00092,view_product,2026-08-31 10:58:58,desktop,organic_search,P0023
697,U00092,view_home,2026-08-31 11:00:51,desktop,organic_search,
698,U00092,view_product,2026-08-31 11:03:29,desktop,organic_search,P0088
699,U00092,add_to_cart,2026-08-31 11:05:18,desktop,organic_search,P0088
580,U00079,add_to_cart,2026-08-31 11:46:45,tablet,paid_search,P0001
581,U00079,checkout,2026-08-31 11:49:09,tablet,paid_search,P0001
2240,U00295,view_home,2026-08-31 12:15:34,mobile,paid_search,
1145,U00148,view_home,2026-08-31 12:17:39,tablet,direct,
1146,U00148,view_product,2026-08-31 12:18:55,tablet,direct,P0115
1147,U00148,view_home,2026-08-31 12:20:18,tablet,direct,
1148,U00148,view_product,2026-08-31 12:21:06,tablet,direct,P0020
1149,U00148,add_to_cart,2026-08-31 12:23:20,tablet,direct,P0020
3267,U00431,view_home,2026-08-31 15:07:03,mobile,email,
3268,U00431,view_product,2026-08-31 15:07:25,mobile,email,P0103
3269,U00431,view_home,2026-08-31 15:07:38,mobile,email,
3270,U00431,view_product,2026-08-31 15:08:04,mobile,email,P0080
1427,U00185,view_home,2026-08-31 15:49:27,desktop,organic_search,
1428,U00185,view_product,2026-08-31 15:49:37,desktop,organic_search,P0057
1429,U00185,add_to_cart,2026-08-31 15:50:19,desktop,organic_search,P0057
1430,U00185,checkout,2026-08-31 15:50:29,desktop,organic_search,P0057
1379,U00178,view_home,2026-08-31 15:50:39,desktop,social,
1380,U00178,view_product,2026-08-31 15:51:17,desktop,social,P0045
1431,U00185,purchase,2026-08-31 15:52:39,desktop,organic_search,P0057
1537,U00201,view_home,2026-08-31 16:10:54,desktop,direct,
1538,U00201,view_product,2026-08-31 16:11:24,desktop,direct,P0072
1539,U00201,view_home,2026-08-31 16:12:47,desktop,direct,
1221,U00159,view_home,2026-08-31 16:13:07,tablet,organic_search,
2052,U00270,view_home,2026-08-31 16:14:07,desktop,social,
1222,U00159,view_product,2026-08-31 16:14:09,tablet,organic_search,P0031
1223,U00159,view_home,2026-08-31 16:16:09,tablet,organic_search,
2053,U00270,view_product,2026-08-31 16:16:52,desktop,social,P0008
1224,U00159,view_product,2026-08-31 16:17:19,tablet,organic_search,P0015
466,U00061,view_home,2026-08-31 17:30:01,desktop,paid_search,
467,U00061,view_product,2026-08-31 17:31:04,desktop,paid_search,P0005
468,U00061,view_home,2026-08-31 17:31:46,desktop,paid_search,
469,U00061,view_product,2026-08-31 17:32:04,desktop,paid_search,P0009
470,U00061,add_to_cart,2026-08-31 17:33:53,desktop,paid_search,P0009
3779,U00500,view_home,2026-08-31 17:53:47,tablet,direct,
3780,U00500,view_product,2026-08-31 17:54:21,tablet,direct,P0120
3781,U00500,view_home,2026-08-31 17:54:59,tablet,direct,
3782,U00500,view_product,2026-08-31 17:56:24,tablet,direct,P0100
3783,U00500,add_to_cart,2026-08-31 17:58:02,tablet,direct,P0100
2651,U00348,view_home,2026-08-31 17:59:04,tablet,organic_search,
2652,U00348,view_product,2026-08-31 18:01:25,tablet,organic_search,P0094
172,U00026,view_home,2026-08-31 18:11:13,desktop,social,
173,U00026,view_product,2026-08-31 18:13:56,desktop,social,P0028
2022,U00266,view_home,2026-08-31 18:21:47,mobile,paid_search,
2023,U00266,view_product,2026-08-31 18:22:54,mobile,paid_search,P0087
2024,U00266,view_home,2026-08-31 18:23:12,mobile,paid_search,
2025,U00266,view_product,2026-08-31 18:24:07,mobile,paid_search,P0057
2026,U00266,view_home,2026-08-31 18:25:18,mobile,paid_search,
2027,U00266,view_product,2026-08-31 18:26:02,mobile,paid_search,P0002
2028,U00266,add_to_cart,2026-08-31 18:26:36,mobile,paid_search,P0002
1744,U00232,view_home,2026-08-31 18:34:12,desktop,paid_search,
1745,U00232,view_product,2026-08-31 18:34:52,desktop,paid_search,P0060
1746,U00232,view_home,2026-08-31 18:36:03,desktop,paid_search,
1747,U00232,view_product,2026-08-31 18:36:33,desktop,paid_search,P0094
1748,U00232,add_to_cart,2026-08-31 18:39:30,desktop,paid_search,P0094
3395,U00446,view_home,2026-08-31 19:31:23,desktop,paid_search,
3396,U00446,view_product,2026-08-31 19:31:49,desktop,paid_search,P0112
3397,U00446,add_to_cart,2026-08-31 19:33:36,desktop,paid_search,P0112
2917,U00386,view_home,2026-08-31 21:14:42,tablet,paid_search,
2918,U00386,view_product,2026-08-31 21:14:53,tablet,paid_search,P0004
334,U00046,view_home,2026-08-31 21:25:28,mobile,direct,
335,U00046,view_product,2026-08-31 21:25:56,mobile,direct,P0088
336,U00046,add_to_cart,2026-08-31 21:26:36,mobile,direct,P0088
337,U00046,checkout,2026-08-31 21:29:04,mobile,direct,P0088
1175,U00154,view_home,2026-08-31 22:49:39,tablet,paid_search,
1176,U00154,view_product,2026-08-31 22:51:26,tablet,paid_search,P0089
2313,U00307,view_home,2026-09-01 06:30:33,desktop,paid_search,
2314,U00307,view_product,2026-09-01 06:31:53,desktop,paid_search,P0101
1707,U00226,view_home,2026-09-01 06:33:03,desktop,direct,
2315,U00307,add_to_cart,2026-09-01 06:34:06,desktop,paid_search,P0101
2316,U00307,checkout,2026-09-01 06:34:31,desktop,paid_search,P0101
1708,U00226,view_product,2026-09-01 06:34:40,desktop,direct,P0015
1968,U00259,view_home,2026-09-01 07:12:52,tablet,email,
1969,U00259,view_product,2026-09-01 07:15:01,tablet,email,P0075
1716,U00228,view_home,2026-09-01 08:04:52,tablet,social,
1717,U00228,view_product,2026-09-01 08:06:18,tablet,social,P0060
246,U00036,view_home,2026-09-01 08:12:37,desktop,social,
247,U00036,view_product,2026-09-01 08:15:06,desktop,social,P0103
248,U00036,add_to_cart,2026-09-01 08:15:43,desktop,social,P0103
813,U00107,view_home,2026-09-01 08:35:17,tablet,email,
814,U00107,view_product,2026-09-01 08:35:48,tablet,email,P0081
815,U00107,add_to_cart,2026-09-01 08:37:30,tablet,email,P0081
1475,U00191,view_home,2026-09-01 09:27:17,tablet,paid_search,
1488,U00193,view_home,2026-09-01 09:29:17,desktop,organic_search,
1476,U00191,view_product,2026-09-01 09:29:58,tablet,paid_search,P0070
1489,U00193,view_product,2026-09-01 09:30:11,desktop,organic_search,P0085
1490,U00193,view_home,2026-09-01 09:31:18,desktop,organic_search,
1491,U00193,view_product,2026-09-01 09:32:31,desktop,organic_search,P0074
1492,U00193,add_to_cart,2026-09-01 09:32:57,desktop,organic_search,P0074
1493,U00193,checkout,2026-09-01 09:35:52,desktop,organic_search,P0074
1494,U00193,purchase,2026-09-01 09:36:20,desktop,organic_search,P0074
2977,U00394,view_home,2026-09-01 09:52:15,tablet,direct,
2978,U00394,view_product,2026-09-01 09:54:23,tablet,direct,P0015
2979,U00394,add_to_cart,2026-09-01 09:56:56,tablet,direct,P0015
2980,U00394,checkout,2026-09-01 09:58:41,tablet,direct,P0015
2981,U00394,purchase,2026-09-01 10:00:39,tablet,direct,P0015
2236,U00294,view_home,2026-09-01 10:13:18,tablet,organic_search,
2237,U00294,view_product,2026-09-01 10:14:34,tablet,organic_search,P0068
1632,U00211,view_home,2026-09-01 10:19:49,desktop,social,
3317,U00436,view_home,2026-09-01 11:05:35,desktop,paid_search,
1150,U00149,view_home,2026-09-01 11:50:13,desktop,email,
1151,U00149,view_product,2026-09-01 11:52:04,desktop,email,P0036
816,U00107,view_home,2026-09-01 11:57:29,tablet,organic_search,
817,U00107,view_product,2026-09-01 11:57:45,tablet,organic_search,P0094
818,U00107,view_home,2026-09-01 11:58:48,tablet,organic_search,
819,U00107,view_product,2026-09-01 11:59:12,tablet,organic_search,P0112
1633,U00211,view_product,2026-09-01 13:27:49,desktop,social,P0085
1634,U00211,add_to_cart,2026-09-01 13:29:08,desktop,social,P0085
2166,U00287,view_home,2026-09-01 14:19:59,mobile,organic_search,
2167,U00287,view_product,2026-09-01 14:20:22,mobile,organic_search,P0016
2168,U00287,view_home,2026-09-01 14:21:11,mobile,organic_search,
2169,U00287,view_product,2026-09-01 14:22:05,mobile,organic_search,P0109
2118,U00280,view_home,2026-09-01 14:34:33,tablet,direct,
2119,U00280,view_product,2026-09-01 14:35:32,tablet,direct,P0113
2120,U00280,view_home,2026-09-01 14:37:21,tablet,direct,
2121,U00280,view_product,2026-09-01 14:38:35,tablet,direct,P0119
2122,U00280,add_to_cart,2026-09-01 14:41:17,tablet,direct,P0119
1805,U00242,view_home,2026-09-01 14:42:15,mobile,direct,
1806,U00242,view_product,2026-09-01 14:42:28,mobile,direct,P0070
1807,U00242,view_home,2026-09-01 14:43:01,mobile,direct,
1808,U00242,view_product,2026-09-01 14:45:12,mobile,direct,P0109
1809,U00242,add_to_cart,2026-09-01 14:46:51,mobile,direct,P0109
1810,U00242,checkout,2026-09-01 14:47:13,mobile,direct,P0109
1811,U00242,purchase,2026-09-01 14:47:44,mobile,direct,P0109
1652,U00214,view_home,2026-09-01 15:27:39,tablet,direct,
1653,U00214,view_product,2026-09-01 15:29:02,tablet,direct,P0030
1654,U00214,view_home,2026-09-01 15:30:37,tablet,direct,
1655,U00214,view_product,2026-09-01 15:31:15,tablet,direct,P0064
1656,U00214,add_to_cart,2026-09-01 15:31:53,tablet,direct,P0064
796,U00104,view_home,2026-09-01 16:00:26,tablet,organic_search,
3457,U00453,view_home,2026-09-01 16:56:30,mobile,paid_search,
3458,U00453,view_product,2026-09-01 16:58:22,mobile,paid_search,P0004
3459,U00453,add_to_cart,2026-09-01 16:59:36,mobile,paid_search,P0004
786,U00103,view_home,2026-09-01 17:34:08,tablet,paid_search,
787,U00103,view_product,2026-09-01 17:36:11,tablet,paid_search,P0072
2307,U00306,view_home,2026-09-01 19:19:13,mobile,paid_search,
2261,U00298,view_home,2026-09-01 19:20:08,desktop,paid_search,
2308,U00306,view_product,2026-09-01 19:21:32,mobile,paid_search,P0019
43,U00009,view_home,2026-09-01 20:51:18,desktop,social,
44,U00009,view_product,2026-09-01 20:52:08,desktop,social,P0099
45,U00009,add_to_cart,2026-09-01 20:54:04,desktop,social,P0099
270,U00041,view_home,2026-09-01 21:52:52,tablet,organic_search,
271,U00041,view_product,2026-09-01 21:53:58,tablet,organic_search,P0080
2653,U00348,view_home,2026-09-02 06:34:40,desktop,direct,
3316,U00436,view_home,2026-09-02 07:54:00,desktop,email,
3607,U00472,view_home,2026-09-02 07:57:48,mobile,direct,
3608,U00472,view_product,2026-09-02 07:58:37,mobile,direct,P0100
3609,U00472,add_to_cart,2026-09-02 08:01:17,mobile,direct,P0100
1211,U00157,view_home,2026-09-02 08:10:21,mobile,organic_search,
1212,U00157,view_product,2026-09-02 08:11:34,mobile,organic_search,P0055
1213,U00157,add_to_cart,2026-09-02 08:12:21,mobile,organic_search,P0055
1214,U00157,checkout,2026-09-02 08:15:01,mobile,organic_search,P0055
1215,U00157,purchase,2026-09-02 08:17:46,mobile,organic_search,P0055
1284,U00165,view_home,2026-09-02 08:33:19,mobile,paid_search,
1285,U00165,view_product,2026-09-02 08:34:04,mobile,paid_search,P0023
3133,U00412,view_home,2026-09-02 09:41:45,mobile,paid_search,
3134,U00412,view_product,2026-09-02 09:44:20,mobile,paid_search,P0009
2737,U00358,view_home,2026-09-02 09:49:12,tablet,organic_search,
2738,U00358,view_product,2026-09-02 09:49:47,tablet,organic_search,P0005
2739,U00358,view_home,2026-09-02 09:50:16,tablet,organic_search,
2740,U00358,view_product,2026-09-02 09:51:19,tablet,organic_search,P0085
2711,U00355,view_home,2026-09-02 10:05:41,desktop,social,
2712,U00355,view_product,2026-09-02 10:06:47,desktop,social,P0036
2713,U00355,view_home,2026-09-02 10:08:20,desktop,social,
2714,U00355,view_product,2026-09-02 10:08:37,desktop,social,P0102
2715,U00355,view_home,2026-09-02 10:09:57,desktop,social,
2716,U00355,view_product,2026-09-02 10:12:50,desktop,social,P0074
3028,U00399,view_home,2026-09-02 11:09:46,mobile,email,
3029,U00399,view_product,2026-09-02 11:10:44,mobile,email,P0087
3030,U00399,view_home,2026-09-02 11:11:19,mobile,email,
3031,U00399,view_product,2026-09-02 11:11:35,mobile,email,P0040
3032,U00399,add_to_cart,2026-09-02 11:13:18,mobile,email,P0040
3738,U00494,view_home,2026-09-02 11:43:17,tablet,email,
3739,U00494,view_product,2026-09-02 11:44:24,tablet,email,P0083
3740,U00494,view_home,2026-09-02 11:44:50,tablet,email,
1229,U00160,view_home,2026-09-02 14:06:40,mobile,organic_search,
1230,U00160,view_product,2026-09-02 14:07:09,mobile,organic_search,P0042
1231,U00160,view_home,2026-09-02 14:08:19,mobile,organic_search,
1232,U00160,view_product,2026-09-02 14:10:44,mobile,organic_search,P0038
1233,U00160,add_to_cart,2026-09-02 14:11:45,mobile,organic_search,P0038
588,U00081,view_home,2026-09-02 14:31:12,mobile,paid_search,
589,U00081,view_product,2026-09-02 14:32:25,mobile,paid_search,P0104
552,U00074,view_home,2026-09-02 15:41:27,mobile,social,
553,U00074,view_product,2026-09-02 15:42:03,mobile,social,P0039
231,U00034,view_home,2026-09-02 15:49:48,mobile,direct,
2472,U00326,view_home,2026-09-02 15:57:05,tablet,organic_search,
2473,U00326,view_product,2026-09-02 15:58:45,tablet,organic_search,P0101
2474,U00326,add_to_cart,2026-09-02 15:59:43,tablet,organic_search,P0101
2821,U00369,view_home,2026-09-02 17:07:29,desktop,paid_search,
2822,U00369,view_product,2026-09-02 17:08:10,desktop,paid_search,P0110
2823,U00369,add_to_cart,2026-09-02 17:09:07,desktop,paid_search,P0110
3705,U00490,view_home,2026-09-02 17:40:33,desktop,social,
2702,U00354,view_home,2026-09-02 17:50:04,mobile,social,
2703,U00354,view_product,2026-09-02 17:51:29,mobile,social,P0093
2704,U00354,view_home,2026-09-02 17:52:25,mobile,social,
2705,U00354,view_product,2026-09-02 17:53:01,mobile,social,P0005
2706,U00354,view_home,2026-09-02 17:53:21,mobile,social,
2707,U00354,view_product,2026-09-02 17:56:01,mobile,social,P0056
1566,U00203,view_home,2026-09-02 18:55:10,desktop,email,
1567,U00203,view_product,2026-09-02 18:56:23,desktop,email,P0012
1568,U00203,view_home,2026-09-02 18:56:51,desktop,email,
1569,U00203,view_product,2026-09-02 18:59:22,desktop,email,P0063
3481,U00455,view_home,2026-09-02 19:08:44,tablet,direct,
38,U00007,view_home,2026-09-02 19:52:15,desktop,social,
39,U00007,view_product,2026-09-02 19:54:32,desktop,social,P0117
2801,U00366,view_home,2026-09-02 22:21:24,desktop,direct,
2802,U00366,view_product,2026-09-02 22:21:29,desktop,direct,P0020
2803,U00366,view_home,2026-09-02 22:23:12,desktop,direct,
2804,U00366,view_product,2026-09-02 22:24:41,desktop,direct,P0033
2805,U00366,view_home,2026-09-02 22:25:14,desktop,direct,
2806,U00366,view_product,2026-09-02 22:26:55,desktop,direct,P0016
2807,U00366,add_to_cart,2026-09-02 22:28:11,desktop,direct,P0016
2808,U00366,checkout,2026-09-02 22:30:11,desktop,direct,P0016
2809,U00366,purchase,2026-09-02 22:32:10,desktop,direct,P0016
3548,U00466,view_home,2026-09-02 22:46:35,desktop,social,
3549,U00466,view_product,2026-09-02 22:46:54,desktop,social,P0035
2271,U00301,view_home,2026-09-03 07:16:00,desktop,email,
2328,U00310,view_home,2026-09-03 09:26:52,mobile,social,
2329,U00310,view_product,2026-09-03 09:27:04,mobile,social,P0115
2330,U00310,add_to_cart,2026-09-03 09:29:40,mobile,social,P0115
2331,U00310,checkout,2026-09-03 09:32:23,mobile,social,P0115
2332,U00310,purchase,2026-09-03 09:34:36,mobile,social,P0115
2987,U00395,view_home,2026-09-03 09:53:51,tablet,email,
2988,U00395,view_product,2026-09-03 09:54:07,tablet,email,P0115
2989,U00395,view_home,2026-09-03 09:56:07,tablet,email,
2990,U00395,view_product,2026-09-03 09:57:31,tablet,email,P0024
2991,U00395,add_to_cart,2026-09-03 09:59:26,tablet,email,P0024
640,U00085,view_home,2026-09-03 10:01:26,mobile,email,
1540,U00201,view_home,2026-09-03 10:28:57,desktop,organic_search,
1541,U00201,view_product,2026-09-03 10:29:43,desktop,organic_search,P0088
1542,U00201,view_home,2026-09-03 10:31:01,desktop,organic_search,
1543,U00201,view_product,2026-09-03 10:32:57,desktop,organic_search,P0035
1544,U00201,add_to_cart,2026-09-03 10:34:33,desktop,organic_search,P0035
474,U00063,view_home,2026-09-03 10:51:19,desktop,direct,
2277,U00301,view_home,2026-09-03 11:23:00,mobile,direct,
2278,U00301,view_product,2026-09-03 11:24:15,mobile,direct,P0112
2279,U00301,view_home,2026-09-03 11:24:58,mobile,direct,
3271,U00432,view_home,2026-09-03 11:25:44,desktop,organic_search,
2280,U00301,view_product,2026-09-03 11:26:34,mobile,direct,P0114
3272,U00432,view_product,2026-09-03 11:26:49,desktop,organic_search,P0064
2281,U00301,add_to_cart,2026-09-03 11:28:57,mobile,direct,P0114
1678,U00220,view_home,2026-09-03 11:38:59,mobile,paid_search,
1679,U00220,view_product,2026-09-03 11:40:10,mobile,paid_search,P0087
1680,U00220,view_home,2026-09-03 11:40:31,mobile,paid_search,
1681,U00220,view_product,2026-09-03 13:54:31,mobile,paid_search,P0099
549,U00073,view_home,2026-09-03 14:19:09,desktop,social,
550,U00073,view_product,2026-09-03 14:19:58,desktop,social,P0115
551,U00073,add_to_cart,2026-09-03 14:21:22,desktop,social,P0115
2457,U00325,view_home,2026-09-03 14:27:06,desktop,email,
2458,U00325,view_product,2026-09-03 14:29:20,desktop,email,P0092
2459,U00325,add_to_cart,2026-09-03 14:32:11,desktop,email,P0092
3508,U00460,view_home,2026-09-03 14:52:08,desktop,social,
3509,U00460,view_product,2026-09-03 14:53:31,desktop,social,P0054
2722,U00357,view_home,2026-09-03 14:53:38,desktop,social,
2723,U00357,view_product,2026-09-03 14:54:17,desktop,social,P0108
3166,U00417,view_home,2026-09-03 15:09:34,desktop,paid_search,
3167,U00417,view_product,2026-09-03 15:11:37,desktop,paid_search,P0100
3168,U00417,add_to_cart,2026-09-03 15:14:04,desktop,paid_search,P0100
3169,U00417,checkout,2026-09-03 15:15:45,desktop,paid_search,P0100
3170,U00417,purchase,2026-09-03 15:17:10,desktop,paid_search,P0100
3130,U00412,view_home,2026-09-03 15:21:20,mobile,email,
3131,U00412,view_product,2026-09-03 15:22:01,mobile,email,P0091
3132,U00412,add_to_cart,2026-09-03 15:24:04,mobile,email,P0091
200,U00031,view_home,2026-09-03 16:51:51,mobile,organic_search,
201,U00031,view_product,2026-09-03 16:52:02,mobile,organic_search,P0107
2784,U00364,view_home,2026-09-03 18:27:11,tablet,organic_search,
2785,U00364,view_product,2026-09-03 18:29:33,tablet,organic_search,P0078
2128,U00280,view_home,2026-09-03 18:59:24,tablet,paid_search,
2129,U00280,view_product,2026-09-03 19:01:27,tablet,paid_search,P0109
2130,U00280,add_to_cart,2026-09-03 19:02:41,tablet,paid_search,P0109
2131,U00280,checkout,2026-09-03 19:04:12,tablet,paid_search,P0109
2171,U00288,view_home,2026-09-03 19:57:36,tablet,paid_search,
2172,U00288,view_product,2026-09-03 19:58:12,tablet,paid_search,P0099
2173,U00288,view_home,2026-09-03 19:59:20,tablet,paid_search,
2174,U00288,view_product,2026-09-03 19:59:37,tablet,paid_search,P0114
2175,U00288,view_home,2026-09-03 20:00:24,tablet,paid_search,
2176,U00288,view_product,2026-09-03 20:01:03,tablet,paid_search,P0054
2177,U00288,add_to_cart,2026-09-03 20:01:38,tablet,paid_search,P0054
2401,U00319,view_home,2026-09-03 20:27:22,desktop,organic_search,
2270,U00300,view_home,2026-09-03 20:27:55,tablet,email,
2402,U00319,view_product,2026-09-03 20:29:24,desktop,organic_search,P0100
3033,U00399,view_home,2026-09-03 20:55:41,tablet,social,
3412,U00448,view_home,2026-09-03 22:20:05,tablet,social,
3413,U00448,view_product,2026-09-03 22:21:04,tablet,social,P0037
3414,U00448,view_home,2026-09-03 22:21:50,tablet,social,
3415,U00448,view_product,2026-09-03 22:22:34,tablet,social,P0066
3416,U00448,add_to_cart,2026-09-03 22:23:35,tablet,social,P0066
3417,U00448,checkout,2026-09-03 22:26:20,tablet,social,P0066
3418,U00448,purchase,2026-09-03 22:27:10,tablet,social,P0066
3115,U00410,view_home,2026-09-04 06:05:23,tablet,organic_search,
3116,U00410,view_product,2026-09-04 06:05:33,tablet,organic_search,P0015
3117,U00410,view_home,2026-09-04 06:05:44,tablet,organic_search,
2367,U00315,view_home,2026-09-04 07:28:38,tablet,organic_search,
3205,U00421,view_home,2026-09-04 09:20:17,mobile,direct,
3206,U00421,view_product,2026-09-04 09:21:56,mobile,direct,P0013
3207,U00421,add_to_cart,2026-09-04 09:23:51,mobile,direct,P0013
778,U00102,view_home,2026-09-04 09:24:12,mobile,email,
779,U00102,view_product,2026-09-04 09:26:35,mobile,email,P0026
2225,U00293,view_home,2026-09-04 09:28:31,desktop,email,
2537,U00333,view_home,2026-09-04 09:56:06,mobile,organic_search,
2538,U00333,view_product,2026-09-04 09:57:17,mobile,organic_search,P0083
2539,U00333,view_home,2026-09-04 09:58:46,mobile,organic_search,
2540,U00333,view_product,2026-09-04 10:00:33,mobile,organic_search,P0108
2226,U00293,view_product,2026-09-04 10:45:31,desktop,email,P0099
986,U00131,view_home,2026-09-04 10:49:44,tablet,email,
987,U00131,view_product,2026-09-04 10:51:57,tablet,email,P0039
988,U00131,add_to_cart,2026-09-04 10:53:54,tablet,email,P0039
989,U00131,checkout,2026-09-04 10:56:42,tablet,email,P0039
990,U00131,purchase,2026-09-04 10:56:56,tablet,email,P0039
1420,U00185,view_home,2026-09-04 10:57:32,tablet,direct,
1421,U00185,view_product,2026-09-04 10:58:46,tablet,direct,P0023
1422,U00185,view_home,2026-09-04 11:00:06,tablet,direct,
1423,U00185,view_product,2026-09-04 11:01:27,tablet,direct,P0059
1424,U00185,view_home,2026-09-04 11:02:52,tablet,direct,
1425,U00185,view_product,2026-09-04 11:04:51,tablet,direct,P0018
1426,U00185,add_to_cart,2026-09-04 11:06:18,tablet,direct,P0018
2286,U00303,view_home,2026-09-04 11:10:07,desktop,organic_search,
2287,U00303,view_product,2026-09-04 11:10:55,desktop,organic_search,P0066
2288,U00303,add_to_cart,2026-09-04 11:13:21,desktop,organic_search,P0066
2521,U00331,view_home,2026-09-04 11:18:49,tablet,organic_search,
2522,U00331,view_product,2026-09-04 11:19:21,tablet,organic_search,P0117
2523,U00331,view_home,2026-09-04 11:20:29,tablet,organic_search,
2524,U00331,view_product,2026-09-04 11:21:08,tablet,organic_search,P0090
1978,U00260,view_home,2026-09-04 11:52:22,mobile,email,
1979,U00260,view_product,2026-09-04 11:53:13,mobile,email,P0013
1980,U00260,view_home,2026-09-04 11:54:26,mobile,email,
1981,U00260,view_product,2026-09-04 11:54:37,mobile,email,P0035
1982,U00260,add_to_cart,2026-09-04 11:56:49,mobile,email,P0035
1983,U00260,checkout,2026-09-04 11:57:38,mobile,email,P0035
1984,U00260,purchase,2026-09-04 11:58:42,mobile,email,P0035
2548,U00335,view_home,2026-09-04 13:11:30,mobile,organic_search,
1607,U00208,view_home,2026-09-04 13:12:06,tablet,organic_search,
2549,U00335,view_product,2026-09-04 13:13:20,mobile,organic_search,P0030
2350,U00314,view_home,2026-09-04 13:42:51,tablet,direct,
2351,U00314,view_product,2026-09-04 13:44:13,tablet,direct,P0006
3332,U00441,view_home,2026-09-04 14:26:16,mobile,social,
3333,U00441,view_product,2026-09-04 14:28:01,mobile,social,P0093
3334,U00441,add_to_cart,2026-09-04 14:29:09,mobile,social,P0093
3503,U00459,view_home,2026-09-04 15:05:55,mobile,paid_search,
3504,U00459,view_product,2026-09-04 15:06:23,mobile,paid_search,P0042
1291,U00167,view_home,2026-09-04 16:22:46,desktop,direct,
1292,U00167,view_product,2026-09-04 16:23:13,desktop,direct,P0084
1293,U00167,add_to_cart,2026-09-04 16:24:18,desktop,direct,P0084
1510,U00196,view_home,2026-09-04 16:55:16,mobile,email,
660,U00088,view_home,2026-09-04 17:48:34,mobile,email,
3335,U00441,checkout,2026-09-04 18:28:09,mobile,social,P0093
3336,U00441,purchase,2026-09-04 18:29:20,mobile,social,P0093
2992,U00395,view_home,2026-09-04 18:32:23,desktop,direct,
2993,U00395,view_product,2026-09-04 18:33:41,desktop,direct,P0050
2994,U00395,view_home,2026-09-04 18:35:31,desktop,direct,
2995,U00395,view_product,2026-09-04 18:35:37,desktop,direct,P0072
2996,U00395,view_home,2026-09-04 18:37:22,desktop,direct,
3638,U00478,view_home,2026-09-04 19:49:41,mobile,organic_search,
183,U00028,view_home,2026-09-04 20:06:06,mobile,direct,
184,U00028,view_product,2026-09-04 20:07:26,mobile,direct,P0035
185,U00028,view_home,2026-09-04 20:08:12,mobile,direct,
3774,U00499,view_home,2026-09-04 20:58:27,desktop,paid_search,
3775,U00499,view_product,2026-09-04 20:59:53,desktop,paid_search,P0100
3776,U00499,add_to_cart,2026-09-04 21:00:27,desktop,paid_search,P0100
1317,U00171,view_home,2026-09-04 21:03:52,desktop,direct,
425,U00056,view_home,2026-09-04 21:12:10,tablet,social,
426,U00056,view_product,2026-09-04 21:13:34,tablet,social,P0017
427,U00056,view_home,2026-09-04 21:14:55,tablet,social,
428,U00056,view_product,2026-09-04 21:17:42,tablet,social,P0005
1911,U00252,view_home,2026-09-04 22:22:26,mobile,direct,
1912,U00252,view_product,2026-09-04 22:22:50,mobile,direct,P0080
1913,U00252,add_to_cart,2026-09-04 22:23:20,mobile,direct,P0080
1914,U00252,checkout,2026-09-04 22:24:41,mobile,direct,P0080
3047,U00400,view_home,2026-09-04 22:45:32,desktop,social,
3048,U00400,view_product,2026-09-04 22:48:22,desktop,social,P0049
191,U00029,view_home,2026-09-05 06:11:05,tablet,paid_search,
192,U00029,view_product,2026-09-05 06:12:14,tablet,paid_search,P0011
241,U00035,view_home,2026-09-05 06:40:04,mobile,organic_search,
242,U00035,view_product,2026-09-05 06:42:23,mobile,organic_search,P0041
2152,U00286,view_home,2026-09-05 06:44:55,tablet,paid_search,
2153,U00286,view_product,2026-09-05 06:47:02,tablet,paid_search,P0034
2154,U00286,add_to_cart,2026-09-05 06:49:25,tablet,paid_search,P0034
2155,U00286,checkout,2026-09-05 06:50:53,tablet,paid_search,P0034
2156,U00286,purchase,2026-09-05 06:52:12,tablet,paid_search,P0034
1645,U00212,view_home,2026-09-05 07:10:54,mobile,direct,
66,U00011,view_home,2026-09-05 07:46:56,desktop,social,
67,U00011,view_product,2026-09-05 07:48:04,desktop,social,P0108
68,U00011,add_to_cart,2026-09-05 07:49:06,desktop,social,P0108
3194,U00420,view_home,2026-09-05 08:49:20,desktop,email,
3195,U00420,view_product,2026-09-05 08:49:50,desktop,email,P0056
3196,U00420,view_home,2026-09-05 08:51:09,desktop,email,
3197,U00420,view_product,2026-09-05 08:51:24,desktop,email,P0038
3198,U00420,view_home,2026-09-05 08:51:57,desktop,email,
3199,U00420,view_product,2026-09-05 08:53:08,desktop,email,P0019
1477,U00191,view_home,2026-09-05 08:55:08,desktop,social,
2498,U00329,view_home,2026-09-05 09:14:01,desktop,social,
2499,U00329,view_product,2026-09-05 09:15:47,desktop,social,P0063
1065,U00139,view_home,2026-09-05 09:17:50,mobile,organic_search,
2500,U00329,add_to_cart,2026-09-05 09:18:43,desktop,social,P0063
1066,U00139,view_product,2026-09-05 09:18:44,mobile,organic_search,P0061
3318,U00437,view_home,2026-09-05 09:50:12,desktop,email,
3319,U00437,view_product,2026-09-05 09:50:35,desktop,email,P0005
3320,U00437,view_home,2026-09-05 09:51:10,desktop,email,
3321,U00437,view_product,2026-09-05 09:53:14,desktop,email,P0093
2252,U00298,view_home,2026-09-05 10:52:10,desktop,social,
2253,U00298,view_product,2026-09-05 10:52:21,desktop,social,P0119
2254,U00298,view_home,2026-09-05 10:53:22,desktop,social,
196,U00030,view_home,2026-09-05 12:01:18,mobile,direct,
197,U00030,view_product,2026-09-05 12:02:46,mobile,direct,P0035
198,U00030,add_to_cart,2026-09-05 12:03:41,mobile,direct,P0035
199,U00030,checkout,2026-09-05 12:04:59,mobile,direct,P0035
302,U00044,view_home,2026-09-05 12:39:31,desktop,direct,
303,U00044,view_product,2026-09-05 12:42:31,desktop,direct,P0002
304,U00044,add_to_cart,2026-09-05 12:45:22,desktop,direct,P0002
1505,U00195,view_home,2026-09-05 13:33:29,tablet,organic_search,
1506,U00195,view_product,2026-09-05 13:34:19,tablet,organic_search,P0087
1507,U00195,view_home,2026-09-05 13:35:22,tablet,organic_search,
1508,U00195,view_product,2026-09-05 13:35:56,tablet,organic_search,P0099
1509,U00195,add_to_cart,2026-09-05 13:37:46,tablet,organic_search,P0099
2093,U00275,view_home,2026-09-05 13:56:22,mobile,organic_search,
2094,U00275,view_product,2026-09-05 13:57:41,mobile,organic_search,P0026
1258,U00162,view_home,2026-09-05 14:23:49,tablet,social,
1259,U00162,view_product,2026-09-05 14:26:25,tablet,social,P0010
1260,U00162,add_to_cart,2026-09-05 14:27:05,tablet,social,P0010
665,U00089,view_home,2026-09-05 16:37:55,tablet,direct,
666,U00089,view_product,2026-09-05 16:39:05,tablet,direct,P0038
667,U00089,add_to_cart,2026-09-05 16:40:39,tablet,direct,P0038
668,U00089,checkout,2026-09-05 16:43:31,tablet,direct,P0038
1985,U00261,view_home,2026-09-05 17:10:01,tablet,social,
1986,U00261,view_product,2026-09-05 17:10:38,tablet,social,P0109
1987,U00261,add_to_cart,2026-09-05 17:11:15,tablet,social,P0109
2326,U00310,view_home,2026-09-05 17:44:41,desktop,social,
2327,U00310,view_product,2026-09-05 17:45:02,desktop,social,P0011
2123,U00280,view_home,2026-09-05 19:25:51,mobile,direct,
2124,U00280,view_product,2026-09-05 19:28:40,mobile,direct,P0089
3218,U00424,view_home,2026-09-05 19:28:44,mobile,paid_search,
2125,U00280,add_to_cart,2026-09-05 19:28:48,mobile,direct,P0089
3219,U00424,view_product,2026-09-05 19:30:10,mobile,paid_search,P0110
2126,U00280,checkout,2026-09-05 19:30:16,mobile,direct,P0089
3220,U00424,view_home,2026-09-05 19:30:34,mobile,paid_search,
3221,U00424,view_product,2026-09-05 19:30:43,mobile,paid_search,P0029
2127,U00280,purchase,2026-09-05 19:31:27,mobile,direct,P0089
1635,U00211,view_home,2026-09-05 20:55:47,desktop,organic_search,
130,U00019,view_home,2026-09-05 21:10:39,desktop,email,
1636,U00211,view_product,2026-09-05 21:38:47,desktop,organic_search,P0024
1201,U00156,view_home,2026-09-05 21:44:38,desktop,social,
3540,U00466,view_home,2026-09-05 22:22:46,mobile,email,
3541,U00466,view_product,2026-09-05 22:25:45,mobile,email,P0023
3542,U00466,add_to_cart,2026-09-05 22:28:30,mobile,email,P0023
1350,U00175,view_home,2026-09-05 22:39:26,tablet,email,
1351,U00175,view_product,2026-09-05 22:40:06,tablet,email,P0029
1352,U00175,view_home,2026-09-05 22:41:28,tablet,email,
1353,U00175,view_product,2026-09-05 22:41:57,tablet,email,P0059
1354,U00175,view_home,2026-09-05 22:42:53,tablet,email,
1355,U00175,view_product,2026-09-05 22:44:45,tablet,email,P0045
1356,U00175,add_to_cart,2026-09-05 22:47:01,tablet,email,P0045
1357,U00175,checkout,2026-09-05 22:49:20,tablet,email,P0045
3008,U00396,view_home,2026-09-06 06:15:41,mobile,email,
3009,U00396,view_product,2026-09-06 06:16:20,mobile,email,P0003
1031,U00136,view_home,2026-09-06 06:31:37,desktop,paid_search,
1032,U00136,view_product,2026-09-06 06:31:49,desktop,paid_search,P0032
1033,U00136,view_home,2026-09-06 06:31:58,desktop,paid_search,
1034,U00136,view_product,2026-09-06 06:32:56,desktop,paid_search,P0113
1035,U00136,add_to_cart,2026-09-06 06:35:13,desktop,paid_search,P0113
1036,U00136,checkout,2026-09-06 06:35:28,desktop,paid_search,P0113
1037,U00136,purchase,2026-09-06 06:37:30,desktop,paid_search,P0113
1930,U00255,view_home,2026-09-06 08:18:08,mobile,email,
821,U00108,view_home,2026-09-06 08:22:38,tablet,direct,
2553,U00336,view_home,2026-09-06 09:07:16,mobile,organic_search,
2554,U00336,view_product,2026-09-06 09:07:58,mobile,organic_search,P0077
2555,U00336,add_to_cart,2026-09-06 09:09:27,mobile,organic_search,P0077
822,U00108,view_product,2026-09-06 09:22:38,tablet,direct,P0101
1931,U00255,view_product,2026-09-06 10:14:08,mobile,email,P0048
1358,U00176,view_home,2026-09-06 10:33:13,tablet,direct,
2317,U00308,view_home,2026-09-06 11:38:16,tablet,direct,
2318,U00308,view_product,2026-09-06 11:40:59,tablet,direct,P0116
2319,U00308,add_to_cart,2026-09-06 11:43:49,tablet,direct,P0116
637,U00084,view_home,2026-09-06 11:48:19,tablet,social,
638,U00084,view_product,2026-09-06 11:49:05,tablet,social,P0031
639,U00084,view_home,2026-09-06 11:49:48,tablet,social,
931,U00122,view_home,2026-09-06 13:53:07,tablet,direct,
932,U00122,view_product,2026-09-06 13:54:09,tablet,direct,P0064
1532,U00201,view_home,2026-09-06 15:11:17,desktop,paid_search,
1533,U00201,view_product,2026-09-06 15:11:46,desktop,paid_search,P0056
1534,U00201,add_to_cart,2026-09-06 15:14:14,desktop,paid_search,P0056
1535,U00201,checkout,2026-09-06 15:16:30,desktop,paid_search,P0056
1536,U00201,purchase,2026-09-06 15:17:12,desktop,paid_search,P0056
2060,U00272,view_home,2026-09-06 15:22:15,mobile,email,
2061,U00272,view_product,2026-09-06 15:23:35,mobile,email,P0003
2062,U00272,view_home,2026-09-06 15:24:20,mobile,email,
2063,U00272,view_product,2026-09-06 15:26:54,mobile,email,P0003
726,U00095,view_home,2026-09-06 15:29:11,desktop,direct,
727,U00095,view_product,2026-09-06 15:29:35,desktop,direct,P0022
2064,U00272,add_to_cart,2026-09-06 15:29:54,mobile,email,P0003
728,U00095,add_to_cart,2026-09-06 15:30:59,desktop,direct,P0022
2065,U00272,checkout,2026-09-06 15:32:52,mobile,email,P0003
2066,U00272,purchase,2026-09-06 15:34:33,mobile,email,P0003
365,U00049,view_home,2026-09-06 16:51:14,desktop,organic_search,
366,U00049,view_product,2026-09-06 16:52:31,desktop,organic_search,P0020
367,U00049,add_to_cart,2026-09-06 16:55:14,desktop,organic_search,P0020
368,U00049,checkout,2026-09-06 16:57:33,desktop,organic_search,P0020
369,U00049,purchase,2026-09-06 16:58:53,desktop,organic_search,P0020
1662,U00217,view_home,2026-09-06 17:12:49,desktop,paid_search,
1663,U00217,view_product,2026-09-06 17:14:58,desktop,paid_search,P0025
3374,U00445,view_home,2026-09-06 17:28:28,tablet,direct,
3375,U00445,view_product,2026-09-06 17:29:40,tablet,direct,P0103
3376,U00445,view_home,2026-09-06 17:29:51,tablet,direct,
3377,U00445,view_product,2026-09-06 17:32:12,tablet,direct,P0069
3378,U00445,add_to_cart,2026-09-06 17:34:47,tablet,direct,P0069
3379,U00445,checkout,2026-09-06 17:35:57,tablet,direct,P0069
1936,U00256,view_home,2026-09-06 18:08:25,desktop,social,
1937,U00256,view_product,2026-09-06 18:09:26,desktop,social,P0044
1119,U00144,view_home,2026-09-06 18:10:45,mobile,paid_search,
1120,U00144,view_product,2026-09-06 18:10:59,mobile,paid_search,P0093
1938,U00256,view_home,2026-09-06 18:10:59,desktop,social,
1939,U00256,view_product,2026-09-06 18:11:18,desktop,social,P0094
1940,U00256,view_home,2026-09-06 18:12:24,desktop,social,
1121,U00144,view_home,2026-09-06 18:12:36,mobile,paid_search,
1122,U00144,view_product,2026-09-06 18:13:43,mobile,paid_search,P0012
1123,U00144,add_to_cart,2026-09-06 18:14:58,mobile,paid_search,P0012
175,U00027,view_home,2026-09-06 18:19:50,mobile,direct,
176,U00027,view_product,2026-09-06 18:21:00,mobile,direct,P0092
177,U00027,add_to_cart,2026-09-06 18:23:41,mobile,direct,P0092
3602,U00472,view_home,2026-09-06 18:38:34,mobile,direct,
3603,U00472,view_product,2026-09-06 18:39:11,mobile,direct,P0093
3604,U00472,view_home,2026-09-06 18:40:03,mobile,direct,
3605,U00472,view_product,2026-09-06 18:41:53,mobile,direct,P0061
3606,U00472,add_to_cart,2026-09-06 18:43:00,mobile,direct,P0061
1141,U00148,view_home,2026-09-06 19:10:33,tablet,paid_search,
1142,U00148,view_product,2026-09-06 19:11:44,tablet,paid_search,P0067
1143,U00148,view_home,2026-09-06 19:13:17,tablet,paid_search,
1144,U00148,view_product,2026-09-06 19:16:14,tablet,paid_search,P0086
2292,U00304,view_home,2026-09-06 19:24:50,desktop,direct,
2293,U00304,view_product,2026-09-06 19:26:09,desktop,direct,P0073
2294,U00304,view_home,2026-09-06 19:27:45,desktop,direct,
2295,U00304,view_product,2026-09-06 19:29:10,desktop,direct,P0086
2296,U00304,view_home,2026-09-06 19:30:23,desktop,direct,
1959,U00258,view_home,2026-09-06 19:44:55,desktop,paid_search,
1960,U00258,view_product,2026-09-06 19:45:37,desktop,paid_search,P0071
1961,U00258,view_home,2026-09-06 19:46:44,desktop,paid_search,
1962,U00258,view_product,2026-09-06 19:49:21,desktop,paid_search,P0024
3498,U00459,view_home,2026-09-06 19:50:45,desktop,organic_search,
1963,U00258,add_to_cart,2026-09-06 19:51:27,desktop,paid_search,P0024
3499,U00459,view_product,2026-09-06 19:51:31,desktop,organic_search,P0099
1964,U00258,checkout,2026-09-06 19:52:14,desktop,paid_search,P0024
3500,U00459,add_to_cart,2026-09-06 19:54:12,desktop,organic_search,P0099
1965,U00258,purchase,2026-09-06 19:55:04,desktop,paid_search,P0024
2664,U00349,view_home,2026-09-06 19:57:02,tablet,organic_search,
178,U00027,view_home,2026-09-06 20:14:50,desktop,email,
179,U00027,view_product,2026-09-06 20:16:25,desktop,email,P0069
180,U00027,add_to_cart,2026-09-06 20:18:38,desktop,email,P0069
181,U00027,checkout,2026-09-06 20:21:28,desktop,email,P0069
1626,U00209,view_home,2026-09-06 21:51:41,tablet,paid_search,
1627,U00209,view_product,2026-09-06 21:52:08,tablet,paid_search,P0099
1628,U00209,view_home,2026-09-06 21:53:44,tablet,paid_search,
1629,U00209,view_product,2026-09-06 21:55:46,tablet,paid_search,P0021
1630,U00209,add_to_cart,2026-09-06 21:56:27,tablet,paid_search,P0021
3501,U00459,checkout,2026-09-06 23:25:12,desktop,organic_search,P0099
3502,U00459,purchase,2026-09-06 23:27:25,desktop,organic_search,P0099
1892,U00250,view_home,2026-09-07 06:26:39,mobile,direct,
1893,U00250,view_product,2026-09-07 06:28:21,mobile,direct,P0099
2055,U00271,view_home,2026-09-07 06:29:22,tablet,email,
2056,U00271,view_product,2026-09-07 06:30:59,tablet,email,P0049
2057,U00271,add_to_cart,2026-09-07 06:32:07,tablet,email,P0049
783,U00102,view_home,2026-09-07 07:32:34,tablet,paid_search,
784,U00102,view_product,2026-09-07 07:33:18,tablet,paid_search,P0041
785,U00102,add_to_cart,2026-09-07 07:34:01,tablet,paid_search,P0041
3002,U00396,view_home,2026-09-07 07:46:26,desktop,paid_search,
3003,U00396,view_product,2026-09-07 07:47:24,desktop,paid_search,P0090
3004,U00396,view_home,2026-09-07 07:48:38,desktop,paid_search,
3005,U00396,view_product,2026-09-07 07:49:04,desktop,paid_search,P0077
3006,U00396,view_home,2026-09-07 07:49:57,desktop,paid_search,
3007,U00396,view_product,2026-09-07 07:50:53,desktop,paid_search,P0096
2864,U00377,view_home,2026-09-07 07:56:15,tablet,direct,
2865,U00377,view_product,2026-09-07 07:57:15,tablet,direct,P0084
1882,U00250,view_home,2026-09-07 08:42:42,tablet,organic_search,
1883,U00250,view_product,2026-09-07 08:42:52,tablet,organic_search,P0061
1884,U00250,view_home,2026-09-07 08:44:30,tablet,organic_search,
1885,U00250,view_product,2026-09-07 08:45:39,tablet,organic_search,P0005
1886,U00250,view_home,2026-09-07 08:46:38,tablet,organic_search,
1887,U00250,view_product,2026-09-07 08:47:11,tablet,organic_search,P0054
1888,U00250,add_to_cart,2026-09-07 08:49:41,tablet,organic_search,P0054
999,U00132,view_home,2026-09-07 10:08:30,tablet,organic_search,
1000,U00132,view_product,2026-09-07 10:10:39,tablet,organic_search,P0108
3639,U00478,view_home,2026-09-07 10:41:37,desktop,social,
3640,U00478,view_product,2026-09-07 10:42:40,desktop,social,P0056
3641,U00478,view_home,2026-09-07 10:42:51,desktop,social,
554,U00074,view_home,2026-09-07 11:36:03,tablet,organic_search,
3248,U00428,view_home,2026-09-07 12:20:12,tablet,social,
3249,U00428,view_product,2026-09-07 12:21:00,tablet,social,P0107
3250,U00428,add_to_cart,2026-09-07 12:23:15,tablet,social,P0107
3642,U00478,view_product,2026-09-07 13:22:51,desktop,social,P0105
390,U00053,view_home,2026-09-07 14:10:19,tablet,social,
391,U00053,view_product,2026-09-07 14:11:43,tablet,social,P0042
392,U00053,view_home,2026-09-07 14:13:38,tablet,social,
2836,U00371,view_home,2026-09-07 15:37:39,tablet,email,
2837,U00371,view_product,2026-09-07 15:38:10,tablet,email,P0075
2838,U00371,view_home,2026-09-07 15:39:04,tablet,email,
2839,U00371,view_product,2026-09-07 15:41:53,tablet,email,P0031
907,U00119,view_home,2026-09-07 16:20:12,desktop,direct,
908,U00119,view_product,2026-09-07 16:20:47,desktop,direct,P0038
909,U00119,view_home,2026-09-07 16:21:25,desktop,direct,
910,U00119,view_product,2026-09-07 16:22:10,desktop,direct,P0119
911,U00119,view_home,2026-09-07 16:23:57,desktop,direct,
912,U00119,view_product,2026-09-07 16:25:28,desktop,direct,P0085
913,U00119,add_to_cart,2026-09-07 16:25:55,desktop,direct,P0085
3643,U00478,add_to_cart,2026-09-07 16:30:51,desktop,social,P0105
555,U00075,view_home,2026-09-07 16:30:55,desktop,organic_search,
1274,U00165,view_home,2026-09-07 16:32:18,mobile,social,
556,U00075,view_product,2026-09-07 16:32:40,desktop,organic_search,P0075
557,U00075,add_to_cart,2026-09-07 16:32:56,desktop,organic_search,P0075
1275,U00165,view_product,2026-09-07 16:33:33,mobile,social,P0034
1276,U00165,view_home,2026-09-07 16:34:47,mobile,social,
1277,U00165,view_product,2026-09-07 16:36:01,mobile,social,P0061
1278,U00165,view_home,2026-09-07 16:37:29,mobile,social,
3527,U00463,view_home,2026-09-07 17:00:34,mobile,social,
3528,U00463,view_product,2026-09-07 17:01:05,mobile,social,P0022
3529,U00463,view_home,2026-09-07 17:01:10,mobile,social,
3530,U00463,view_product,2026-09-07 17:01:44,mobile,social,P0028
3531,U00463,view_home,2026-09-07 17:02:00,mobile,social,
2460,U00325,view_home,2026-09-07 17:49:41,desktop,paid_search,
2461,U00325,view_product,2026-09-07 17:50:43,desktop,paid_search,P0111
2462,U00325,view_home,2026-09-07 17:51:18,desktop,paid_search,
2463,U00325,view_product,2026-09-07 17:53:02,desktop,paid_search,P0029
412,U00055,view_home,2026-09-07 18:04:50,desktop,email,
413,U00055,view_product,2026-09-07 18:06:19,desktop,email,P0051
414,U00055,view_home,2026-09-07 18:06:40,desktop,email,
415,U00055,view_product,2026-09-07 18:08:01,desktop,email,P0091
416,U00055,view_home,2026-09-07 18:08:16,desktop,email,
417,U00055,view_product,2026-09-07 18:09:48,desktop,email,P0040
2346,U00312,view_home,2026-09-07 18:17:23,desktop,paid_search,
1060,U00139,view_home,2026-09-07 18:53:24,tablet,paid_search,
1061,U00139,view_product,2026-09-07 18:53:57,tablet,paid_search,P0088
1062,U00139,view_home,2026-09-07 18:55:10,tablet,paid_search,
1063,U00139,view_product,2026-09-07 18:58:09,tablet,paid_search,P0044
3369,U00445,view_home,2026-09-07 18:58:36,mobile,paid_search,
3370,U00445,view_product,2026-09-07 18:58:45,mobile,paid_search,P0085
1064,U00139,add_to_cart,2026-09-07 18:59:00,tablet,paid_search,P0044
3371,U00445,view_home,2026-09-07 19:00:22,mobile,paid_search,
3372,U00445,view_product,2026-09-07 19:03:16,mobile,paid_search,P0049
653,U00086,view_home,2026-09-07 19:11:08,tablet,social,
842,U00111,view_home,2026-09-07 19:17:21,mobile,email,
843,U00111,view_product,2026-09-07 19:17:50,mobile,email,P0055
844,U00111,add_to_cart,2026-09-07 19:20:33,mobile,email,P0055
845,U00111,checkout,2026-09-07 19:20:47,mobile,email,P0055
464,U00061,view_home,2026-09-07 19:23:01,mobile,paid_search,
75,U00012,view_home,2026-09-07 19:23:37,tablet,organic_search,
465,U00061,view_product,2026-09-07 19:25:07,mobile,paid_search,P0006
76,U00012,view_product,2026-09-07 19:26:00,tablet,organic_search,P0096
77,U00012,add_to_cart,2026-09-07 19:26:28,tablet,organic_search,P0096
2099,U00277,view_home,2026-09-07 20:06:37,tablet,email,
2100,U00277,view_product,2026-09-07 20:07:12,tablet,email,P0077
2101,U00277,view_home,2026-09-07 20:07:32,tablet,email,
3373,U00445,add_to_cart,2026-09-07 20:35:16,mobile,paid_search,P0049
964,U00127,view_home,2026-09-07 20:49:36,desktop,direct,
965,U00127,view_product,2026-09-07 20:50:18,desktop,direct,P0017
966,U00127,view_home,2026-09-07 20:50:45,desktop,direct,
967,U00127,view_product,2026-09-07 20:53:19,desktop,direct,P0040
968,U00127,add_to_cart,2026-09-07 20:55:52,desktop,direct,P0040
969,U00127,checkout,2026-09-07 20:58:36,desktop,direct,P0040
970,U00127,purchase,2026-09-07 21:00:51,desktop,direct,P0040
2454,U00324,view_home,2026-09-07 22:07:34,mobile,paid_search,
2455,U00324,view_product,2026-09-07 22:07:58,mobile,paid_search,P0094
2456,U00324,add_to_cart,2026-09-07 22:10:51,mobile,paid_search,P0094
2840,U00372,view_home,2026-09-07 22:36:20,tablet,paid_search,
2841,U00372,view_product,2026-09-07 22:36:37,tablet,paid_search,P0010
2842,U00372,view_home,2026-09-07 22:37:51,tablet,paid_search,
2843,U00372,view_product,2026-09-07 22:40:00,tablet,paid_search,P0025
3405,U00448,view_home,2026-09-07 22:40:53,tablet,organic_search,
3406,U00448,view_product,2026-09-07 22:42:13,tablet,organic_search,P0076
3407,U00448,view_home,2026-09-07 22:43:05,tablet,organic_search,
3408,U00448,view_product,2026-09-07 22:44:35,tablet,organic_search,P0020
3409,U00448,add_to_cart,2026-09-07 22:47:13,tablet,organic_search,P0020
3410,U00448,checkout,2026-09-07 22:48:20,tablet,organic_search,P0020
3411,U00448,purchase,2026-09-07 22:50:52,tablet,organic_search,P0020
2541,U00334,view_home,2026-09-08 06:05:05,desktop,direct,
2542,U00334,view_product,2026-09-08 06:06:04,desktop,direct,P0099
2543,U00334,add_to_cart,2026-09-08 06:06:15,desktop,direct,P0099
2544,U00334,checkout,2026-09-08 06:09:14,desktop,direct,P0099
2545,U00334,purchase,2026-09-08 06:09:46,desktop,direct,P0099
1105,U00142,view_home,2026-09-08 06:52:23,tablet,organic_search,
1106,U00142,view_product,2026-09-08 06:52:34,tablet,organic_search,P0089
1107,U00142,view_home,2026-09-08 06:52:53,tablet,organic_search,
1108,U00142,view_product,2026-09-08 06:55:21,tablet,organic_search,P0084
1109,U00142,add_to_cart,2026-09-08 06:56:21,tablet,organic_search,P0084
3214,U00423,view_home,2026-09-08 07:46:23,mobile,social,
3215,U00423,view_product,2026-09-08 07:46:35,mobile,social,P0016
2762,U00361,view_home,2026-09-08 07:48:12,desktop,paid_search,
3216,U00423,view_home,2026-09-08 07:48:14,mobile,social,
3217,U00423,view_product,2026-09-08 07:48:35,mobile,social,P0062
2763,U00361,view_product,2026-09-08 07:49:06,desktop,paid_search,P0024
2764,U00361,view_home,2026-09-08 07:49:55,desktop,paid_search,
2765,U00361,view_product,2026-09-08 07:51:08,desktop,paid_search,P0071
2766,U00361,view_home,2026-09-08 07:52:29,desktop,paid_search,
1846,U00247,view_home,2026-09-08 09:16:36,tablet,direct,
1847,U00247,view_product,2026-09-08 09:18:01,tablet,direct,P0106
1848,U00247,view_home,2026-09-08 09:19:46,tablet,direct,
1849,U00247,view_product,2026-09-08 09:20:29,tablet,direct,P0045
1850,U00247,view_home,2026-09-08 09:21:27,tablet,direct,
1851,U00247,view_product,2026-09-08 09:22:05,tablet,direct,P0079
2001,U00263,view_home,2026-09-08 09:44:21,tablet,paid_search,
2002,U00263,view_product,2026-09-08 09:44:29,tablet,paid_search,P0012
2003,U00263,view_home,2026-09-08 09:44:52,tablet,paid_search,
3685,U00486,view_home,2026-09-08 11:04:36,mobile,email,
2096,U00276,view_home,2026-09-08 11:25:28,desktop,direct,
2097,U00276,view_product,2026-09-08 11:26:11,desktop,direct,P0115
2098,U00276,add_to_cart,2026-09-08 11:28:27,desktop,direct,P0115
1057,U00139,view_home,2026-09-08 13:21:22,tablet,email,
1058,U00139,view_product,2026-09-08 13:22:45,tablet,email,P0088
1059,U00139,add_to_cart,2026-09-08 13:24:32,tablet,email,P0088
2771,U00362,view_home,2026-09-08 13:36:50,tablet,direct,
2772,U00362,view_product,2026-09-08 13:38:11,tablet,direct,P0024
2773,U00362,add_to_cart,2026-09-08 13:39:17,tablet,direct,P0024
2774,U00362,checkout,2026-09-08 13:40:43,tablet,direct,P0024
2775,U00362,purchase,2026-09-08 13:41:14,tablet,direct,P0024
1989,U00261,view_home,2026-09-08 15:31:23,mobile,paid_search,
1990,U00261,view_product,2026-09-08 15:32:03,mobile,paid_search,P0091
1094,U00142,view_home,2026-09-08 15:32:28,mobile,direct,
1095,U00142,view_product,2026-09-08 15:32:50,mobile,direct,P0044
1096,U00142,view_home,2026-09-08 15:34:50,mobile,direct,
1097,U00142,view_product,2026-09-08 15:35:40,mobile,direct,P0114
450,U00059,view_home,2026-09-08 15:36:28,mobile,organic_search,
338,U00047,view_home,2026-09-08 15:39:30,mobile,direct,
339,U00047,view_product,2026-09-08 15:39:47,mobile,direct,P0102
340,U00047,view_home,2026-09-08 15:41:21,mobile,direct,
341,U00047,view_product,2026-09-08 15:43:50,mobile,direct,P0065
2741,U00358,view_home,2026-09-08 16:03:00,desktop,social,
2742,U00358,view_product,2026-09-08 16:05:28,desktop,social,P0046
2743,U00358,add_to_cart,2026-09-08 16:06:17,desktop,social,P0046
2744,U00358,checkout,2026-09-08 16:07:30,desktop,social,P0046
2745,U00358,purchase,2026-09-08 16:08:14,desktop,social,P0046
2380,U00317,view_home,2026-09-08 16:17:17,desktop,organic_search,
2381,U00317,view_product,2026-09-08 16:19:50,desktop,organic_search,P0076
1790,U00239,view_home,2026-09-08 17:36:57,desktop,organic_search,
1791,U00239,view_product,2026-09-08 17:37:18,desktop,organic_search,P0049
1792,U00239,view_home,2026-09-08 17:38:47,desktop,organic_search,
451,U00059,view_product,2026-09-08 17:58:28,mobile,organic_search,P0100
1767,U00235,view_home,2026-09-08 20:57:32,desktop,direct,
1768,U00235,view_product,2026-09-08 20:58:26,desktop,direct,P0031
1769,U00235,view_home,2026-09-08 20:59:55,desktop,direct,
1770,U00235,view_product,2026-09-08 21:00:56,desktop,direct,P0093
1771,U00235,view_home,2026-09-08 21:02:22,desktop,direct,
1772,U00235,view_product,2026-09-08 21:03:58,desktop,direct,P0097
1773,U00235,add_to_cart,2026-09-08 21:04:35,desktop,direct,P0097
1774,U00235,checkout,2026-09-08 21:06:44,desktop,direct,P0097
1775,U00235,purchase,2026-09-08 21:09:08,desktop,direct,P0097
2930,U00388,view_home,2026-09-08 21:19:22,desktop,direct,
2931,U00388,view_product,2026-09-08 21:20:12,desktop,direct,P0062
2932,U00388,add_to_cart,2026-09-08 21:22:08,desktop,direct,P0062
2933,U00388,checkout,2026-09-08 21:22:35,desktop,direct,P0062
2934,U00388,purchase,2026-09-08 21:24:08,desktop,direct,P0062
2241,U00296,view_home,2026-09-08 21:32:11,tablet,direct,
2242,U00296,view_product,2026-09-08 21:33:05,tablet,direct,P0054
2243,U00296,view_home,2026-09-08 21:34:56,tablet,direct,
1177,U00154,view_home,2026-09-08 22:04:08,mobile,social,
1831,U00244,view_home,2026-09-09 06:50:01,desktop,paid_search,
1832,U00244,view_product,2026-09-09 06:50:33,desktop,paid_search,P0002
3105,U00408,view_home,2026-09-09 06:51:24,mobile,email,
3106,U00408,view_product,2026-09-09 06:52:32,mobile,email,P0109
1833,U00244,add_to_cart,2026-09-09 06:53:12,desktop,paid_search,P0002
1834,U00244,checkout,2026-09-09 06:53:49,desktop,paid_search,P0002
3107,U00408,view_home,2026-09-09 06:53:59,mobile,email,
3108,U00408,view_product,2026-09-09 06:54:19,mobile,email,P0108
1835,U00244,purchase,2026-09-09 06:54:53,desktop,paid_search,P0002
3109,U00408,view_home,2026-09-09 06:55:11,mobile,email,
1241,U00161,view_home,2026-09-09 07:09:04,tablet,social,
1242,U00161,view_product,2026-09-09 07:09:18,tablet,social,P0046
1243,U00161,view_home,2026-09-09 07:10:27,tablet,social,
1244,U00161,view_product,2026-09-09 07:11:52,tablet,social,P0006
2561,U00337,view_home,2026-09-09 07:26:42,desktop,paid_search,
2562,U00337,view_product,2026-09-09 07:29:34,desktop,paid_search,P0048
2563,U00337,add_to_cart,2026-09-09 07:32:15,desktop,paid_search,P0048
3400,U00447,view_home,2026-09-09 07:57:42,tablet,organic_search,
3401,U00447,view_product,2026-09-09 07:58:32,tablet,organic_search,P0058
3402,U00447,view_home,2026-09-09 07:59:29,tablet,organic_search,
3403,U00447,view_product,2026-09-09 08:01:28,tablet,organic_search,P0010
3404,U00447,add_to_cart,2026-09-09 08:02:10,tablet,organic_search,P0010
3182,U00419,view_home,2026-09-09 08:14:18,mobile,direct,
3228,U00425,view_home,2026-09-09 08:14:33,mobile,paid_search,
3183,U00419,view_product,2026-09-09 08:15:07,mobile,direct,P0037
3184,U00419,view_home,2026-09-09 08:15:26,mobile,direct,
3185,U00419,view_product,2026-09-09 08:15:32,mobile,direct,P0064
3229,U00425,view_product,2026-09-09 08:15:42,mobile,paid_search,P0082
3186,U00419,view_home,2026-09-09 08:17:04,mobile,direct,
3230,U00425,add_to_cart,2026-09-09 08:18:09,mobile,paid_search,P0082
3187,U00419,view_product,2026-09-09 08:19:25,mobile,direct,P0073
3231,U00425,checkout,2026-09-09 08:19:31,mobile,paid_search,P0082
3232,U00425,purchase,2026-09-09 08:21:45,mobile,paid_search,P0082
3532,U00463,view_home,2026-09-09 08:40:00,desktop,paid_search,
3533,U00463,view_product,2026-09-09 08:40:46,desktop,paid_search,P0010
3534,U00463,view_home,2026-09-09 08:42:45,desktop,paid_search,
2782,U00364,view_home,2026-09-09 09:27:43,tablet,organic_search,
2783,U00364,view_product,2026-09-09 09:30:40,tablet,organic_search,P0092
2824,U00370,view_home,2026-09-09 09:38:03,desktop,organic_search,
2825,U00370,view_product,2026-09-09 09:39:10,desktop,organic_search,P0049
2826,U00370,add_to_cart,2026-09-09 09:39:33,desktop,organic_search,P0049
3691,U00488,view_home,2026-09-09 10:04:52,desktop,social,
3692,U00488,view_product,2026-09-09 10:06:44,desktop,social,P0080
1704,U00225,view_home,2026-09-09 10:41:51,mobile,direct,
1705,U00225,view_product,2026-09-09 10:43:21,mobile,direct,P0043
1706,U00225,view_home,2026-09-09 10:45:06,mobile,direct,
1384,U00179,view_home,2026-09-09 12:14:45,mobile,paid_search,
1385,U00179,view_product,2026-09-09 12:16:26,mobile,paid_search,P0064
1852,U00248,view_home,2026-09-09 12:35:17,tablet,social,
1853,U00248,view_product,2026-09-09 12:35:38,tablet,social,P0029
1854,U00248,add_to_cart,2026-09-09 12:37:47,tablet,social,P0029
1841,U00246,view_home,2026-09-09 12:50:50,desktop,organic_search,
1842,U00246,view_product,2026-09-09 12:51:20,desktop,organic_search,P0113
3323,U00439,view_home,2026-09-09 12:59:21,mobile,organic_search,
3324,U00439,view_product,2026-09-09 13:01:06,mobile,organic_search,P0111
3325,U00439,add_to_cart,2026-09-09 13:01:27,mobile,organic_search,P0111
1050,U00137,view_home,2026-09-09 13:13:47,tablet,organic_search,
1051,U00137,view_product,2026-09-09 13:15:30,tablet,organic_search,P0001
1657,U00215,view_home,2026-09-09 13:32:53,mobile,organic_search,
383,U00050,view_home,2026-09-09 14:22:32,tablet,email,
384,U00050,view_product,2026-09-09 14:24:22,tablet,email,P0012
385,U00050,add_to_cart,2026-09-09 14:25:49,tablet,email,P0012
3188,U00419,view_home,2026-09-09 16:09:38,tablet,paid_search,
3189,U00419,view_product,2026-09-09 16:11:42,tablet,paid_search,P0039
3190,U00419,add_to_cart,2026-09-09 16:14:21,tablet,paid_search,P0039
3191,U00419,checkout,2026-09-09 16:14:30,tablet,paid_search,P0039
3192,U00419,purchase,2026-09-09 16:14:38,tablet,paid_search,P0039
2450,U00324,view_home,2026-09-09 16:41:30,desktop,social,
2451,U00324,view_product,2026-09-09 16:42:16,desktop,social,P0032
2452,U00324,view_home,2026-09-09 16:42:27,desktop,social,
2453,U00324,view_product,2026-09-09 16:43:07,desktop,social,P0038
3063,U00403,view_home,2026-09-09 16:55:21,tablet,organic_search,
3064,U00403,view_product,2026-09-09 16:58:04,tablet,organic_search,P0021
2954,U00390,view_home,2026-09-09 17:02:52,desktop,paid_search,
2955,U00390,view_product,2026-09-09 17:04:00,desktop,paid_search,P0013
2956,U00390,view_home,2026-09-09 17:05:48,desktop,paid_search,
3465,U00454,view_home,2026-09-09 17:07:06,mobile,paid_search,
2957,U00390,view_product,2026-09-09 17:07:15,desktop,paid_search,P0073
2958,U00390,add_to_cart,2026-09-09 17:07:45,desktop,paid_search,P0073
355,U00049,view_home,2026-09-09 17:10:11,tablet,social,
356,U00049,view_product,2026-09-09 17:11:40,tablet,social,P0107
357,U00049,view_home,2026-09-09 17:13:13,tablet,social,
1593,U00206,view_home,2026-09-09 17:13:52,mobile,social,
358,U00049,view_product,2026-09-09 17:14:40,tablet,social,P0004
1594,U00206,view_product,2026-09-09 17:15:13,mobile,social,P0030
1595,U00206,view_home,2026-09-09 17:15:47,mobile,social,
1596,U00206,view_product,2026-09-09 17:17:57,mobile,social,P0073
1597,U00206,add_to_cart,2026-09-09 17:20:05,mobile,social,P0073
3222,U00424,view_home,2026-09-09 18:31:14,desktop,organic_search,
3223,U00424,view_product,2026-09-09 18:31:46,desktop,organic_search,P0009
3224,U00424,add_to_cart,2026-09-09 18:32:00,desktop,organic_search,P0009
268,U00040,view_home,2026-09-09 18:36:37,mobile,organic_search,
269,U00040,view_product,2026-09-09 18:38:06,mobile,organic_search,P0110
3512,U00461,view_home,2026-09-09 19:00:23,mobile,social,
3513,U00461,view_product,2026-09-09 19:01:05,mobile,social,P0078
3514,U00461,add_to_cart,2026-09-09 19:03:14,mobile,social,P0078
3515,U00461,checkout,2026-09-09 19:04:00,mobile,social,P0078
3516,U00461,purchase,2026-09-09 19:04:09,mobile,social,P0078
1558,U00203,view_home,2026-09-09 19:17:16,desktop,organic_search,
2071,U00273,view_home,2026-09-09 19:31:25,desktop,social,
2072,U00273,view_product,2026-09-09 19:33:48,desktop,social,P0013
2073,U00273,add_to_cart,2026-09-09 19:34:15,desktop,social,P0013
2410,U00319,view_home,2026-09-09 19:41:20,mobile,paid_search,
3065,U00403,add_to_cart,2026-09-09 19:44:04,tablet,organic_search,P0021
3522,U00462,view_home,2026-09-09 19:57:45,mobile,email,
1559,U00203,view_product,2026-09-09 20:35:16,desktop,organic_search,P0049
1560,U00203,add_to_cart,2026-09-09 20:38:02,desktop,organic_search,P0049
1561,U00203,checkout,2026-09-09 20:38:12,desktop,organic_search,P0049
1562,U00203,purchase,2026-09-09 20:41:09,desktop,organic_search,P0049
1439,U00187,view_home,2026-09-09 20:42:05,tablet,email,
1440,U00187,view_product,2026-09-09 20:43:18,tablet,email,P0104
1441,U00187,view_home,2026-09-09 20:43:57,tablet,email,
1442,U00187,view_product,2026-09-09 20:44:51,tablet,email,P0037
1443,U00187,add_to_cart,2026-09-09 20:46:55,tablet,email,P0037
2898,U00382,view_home,2026-09-09 20:52:59,mobile,email,
3523,U00462,view_product,2026-09-09 21:11:45,mobile,email,P0072
3524,U00462,add_to_cart,2026-09-09 21:12:38,mobile,email,P0072
3525,U00462,checkout,2026-09-09 21:14:59,mobile,email,P0072
3526,U00462,purchase,2026-09-09 21:16:31,mobile,email,P0072
2411,U00319,view_product,2026-09-09 21:54:20,mobile,paid_search,P0111
2412,U00319,add_to_cart,2026-09-09 21:57:06,mobile,paid_search,P0111
2447,U00324,view_home,2026-09-09 22:03:00,mobile,organic_search,
1110,U00142,view_home,2026-09-10 06:10:09,mobile,direct,
1111,U00142,view_product,2026-09-10 06:10:52,mobile,direct,P0085
1112,U00142,add_to_cart,2026-09-10 06:13:10,mobile,direct,P0085
1495,U00194,view_home,2026-09-10 07:06:18,mobile,social,
1496,U00194,view_product,2026-09-10 07:07:16,mobile,social,P0106
1497,U00194,view_home,2026-09-10 07:08:08,mobile,social,
1498,U00194,view_product,2026-09-10 07:08:20,mobile,social,P0106
1499,U00194,view_home,2026-09-10 07:09:43,mobile,social,
1500,U00194,view_product,2026-09-10 08:02:43,mobile,social,P0096
18,U00005,view_home,2026-09-10 09:06:55,tablet,paid_search,
19,U00005,view_product,2026-09-10 09:09:25,tablet,paid_search,P0021
20,U00005,add_to_cart,2026-09-10 09:09:47,tablet,paid_search,P0021
1658,U00216,view_home,2026-09-10 09:39:45,tablet,email,
1659,U00216,view_product,2026-09-10 09:40:29,tablet,email,P0039
1660,U00216,view_home,2026-09-10 09:41:38,tablet,email,
1661,U00216,view_product,2026-09-10 09:42:15,tablet,email,P0033
1185,U00155,view_home,2026-09-10 09:57:23,desktop,paid_search,
1186,U00155,view_product,2026-09-10 09:58:12,desktop,paid_search,P0118
1187,U00155,view_home,2026-09-10 09:59:43,desktop,paid_search,
1188,U00155,view_product,2026-09-10 10:00:36,desktop,paid_search,P0080
1189,U00155,add_to_cart,2026-09-10 10:02:06,desktop,paid_search,P0080
21,U00005,checkout,2026-09-10 11:04:47,tablet,paid_search,P0021
1157,U00151,view_home,2026-09-10 11:32:42,tablet,social,
1158,U00151,view_product,2026-09-10 11:33:45,tablet,social,P0044
1159,U00151,view_home,2026-09-10 11:34:36,tablet,social,
2117,U00279,view_home,2026-09-10 11:46:26,tablet,direct,
1053,U00138,view_home,2026-09-10 11:55:08,mobile,email,
1054,U00138,view_product,2026-09-10 11:56:36,mobile,email,P0039
1055,U00138,view_home,2026-09-10 11:57:05,mobile,email,
1056,U00138,view_product,2026-09-10 11:57:27,mobile,email,P0084
3200,U00420,view_home,2026-09-10 13:01:52,mobile,direct,
3201,U00420,view_product,2026-09-10 13:03:19,mobile,direct,P0116
3202,U00420,add_to_cart,2026-09-10 13:04:49,mobile,direct,P0116
22,U00005,purchase,2026-09-10 14:04:47,tablet,paid_search,P0021
3677,U00483,view_home,2026-09-10 14:51:25,tablet,email,
1341,U00174,view_home,2026-09-10 14:59:58,mobile,organic_search,
1342,U00174,view_product,2026-09-10 15:01:09,mobile,organic_search,P0037
1343,U00174,view_home,2026-09-10 15:01:38,mobile,organic_search,
1344,U00174,view_product,2026-09-10 15:03:58,mobile,organic_search,P0026
1672,U00219,view_home,2026-09-10 15:43:34,desktop,social,
1673,U00219,view_product,2026-09-10 15:45:00,desktop,social,P0078
1749,U00233,view_home,2026-09-10 15:48:56,tablet,email,
1750,U00233,view_product,2026-09-10 15:51:04,tablet,email,P0079
1751,U00233,add_to_cart,2026-09-10 15:53:38,tablet,email,P0079
515,U00068,view_home,2026-09-10 16:01:39,mobile,paid_search,
516,U00068,view_product,2026-09-10 16:02:30,mobile,paid_search,P0081
3716,U00490,view_home,2026-09-10 17:49:34,mobile,direct,
3717,U00490,view_product,2026-09-10 17:52:10,mobile,direct,P0101
2266,U00300,view_home,2026-09-10 18:06:21,desktop,paid_search,
2267,U00300,view_product,2026-09-10 18:07:19,desktop,paid_search,P0101
2268,U00300,view_home,2026-09-10 18:07:53,desktop,paid_search,
2269,U00300,view_product,2026-09-10 18:09:45,desktop,paid_search,P0097
3686,U00486,view_home,2026-09-10 19:52:02,tablet,email,
3687,U00486,view_product,2026-09-10 19:54:16,tablet,email,P0065
1720,U00230,view_home,2026-09-10 20:44:33,desktop,paid_search,
1721,U00230,view_product,2026-09-10 20:47:08,desktop,paid_search,P0085
3652,U00481,view_home,2026-09-10 20:47:26,desktop,direct,
3653,U00481,view_product,2026-09-10 20:47:41,desktop,direct,P0044
1722,U00230,add_to_cart,2026-09-10 20:48:37,desktop,paid_search,P0085
3654,U00481,view_home,2026-09-10 20:49:07,desktop,direct,
3655,U00481,view_product,2026-09-10 20:49:50,desktop,direct,P0055
1723,U00230,checkout,2026-09-10 20:50:02,desktop,paid_search,P0085
3656,U00481,view_home,2026-09-10 20:50:46,desktop,direct,
3657,U00481,view_product,2026-09-10 20:51:59,desktop,direct,P0066
3538,U00466,view_home,2026-09-10 21:10:31,mobile,paid_search,
3539,U00466,view_product,2026-09-10 21:11:43,mobile,paid_search,P0108
203,U00031,view_home,2026-09-10 21:48:35,mobile,organic_search,
204,U00031,view_product,2026-09-10 21:50:10,mobile,organic_search,P0112
3393,U00446,view_home,2026-09-10 22:02:46,desktop,paid_search,
3394,U00446,view_product,2026-09-10 22:05:15,desktop,paid_search,P0113
3041,U00400,view_home,2026-09-10 22:41:14,mobile,social,
3042,U00400,view_product,2026-09-10 22:41:45,mobile,social,P0012
3043,U00400,view_home,2026-09-10 22:42:01,mobile,social,
3044,U00400,view_product,2026-09-10 22:42:09,mobile,social,P0056
3045,U00400,view_home,2026-09-10 22:42:15,mobile,social,
3046,U00400,view_product,2026-09-10 22:42:30,mobile,social,P0021
205,U00031,add_to_cart,2026-09-11 00:27:10,mobile,organic_search,P0112
206,U00031,checkout,2026-09-11 03:07:10,mobile,organic_search,P0112
207,U00031,purchase,2026-09-11 03:07:31,mobile,organic_search,P0112
2827,U00370,view_home,2026-09-11 06:56:25,mobile,organic_search,
2386,U00318,view_home,2026-09-11 06:56:38,mobile,direct,
2387,U00318,view_product,2026-09-11 06:57:18,mobile,direct,P0016
2388,U00318,view_home,2026-09-11 06:58:50,mobile,direct,
2389,U00318,view_product,2026-09-11 07:00:01,mobile,direct,P0060
2390,U00318,view_home,2026-09-11 07:01:09,mobile,direct,
2391,U00318,view_product,2026-09-11 07:02:14,mobile,direct,P0109
670,U00090,view_home,2026-09-11 07:04:09,tablet,organic_search,
2392,U00318,add_to_cart,2026-09-11 07:04:38,mobile,direct,P0109
671,U00090,view_product,2026-09-11 07:05:39,tablet,organic_search,P0007
672,U00090,view_home,2026-09-11 07:07:21,tablet,organic_search,
673,U00090,view_product,2026-09-11 07:10:10,tablet,organic_search,P0108
674,U00090,add_to_cart,2026-09-11 07:10:20,tablet,organic_search,P0108
675,U00090,checkout,2026-09-11 07:10:43,tablet,organic_search,P0108
676,U00090,purchase,2026-09-11 07:13:28,tablet,organic_search,P0108
1067,U00140,view_home,2026-09-11 07:37:32,desktop,email,
1068,U00140,view_product,2026-09-11 07:38:16,desktop,email,P0054
1069,U00140,view_home,2026-09-11 07:40:01,desktop,email,
1800,U00241,view_home,2026-09-11 07:56:03,mobile,email,
1801,U00241,view_product,2026-09-11 07:58:05,mobile,email,P0014
1802,U00241,add_to_cart,2026-09-11 08:01:00,mobile,email,P0014
2393,U00318,checkout,2026-09-11 08:28:38,mobile,direct,P0109
2394,U00318,purchase,2026-09-11 08:28:52,mobile,direct,P0109
3689,U00488,view_home,2026-09-11 09:08:09,tablet,organic_search,
3690,U00488,view_product,2026-09-11 09:09:05,tablet,organic_search,P0050
1813,U00242,view_home,2026-09-11 09:41:51,desktop,social,
1814,U00242,view_product,2026-09-11 09:43:20,desktop,social,P0025
1815,U00242,view_home,2026-09-11 09:44:03,desktop,social,
1816,U00242,view_product,2026-09-11 09:44:57,desktop,social,P0115
1817,U00242,view_home,2026-09-11 09:45:15,desktop,social,
1818,U00242,view_product,2026-09-11 09:45:44,desktop,social,P0006
472,U00062,view_home,2026-09-11 12:02:33,mobile,organic_search,
1207,U00157,view_home,2026-09-11 12:41:40,tablet,social,
1208,U00157,view_product,2026-09-11 12:42:09,tablet,social,P0038
1209,U00157,view_home,2026-09-11 12:43:11,tablet,social,
1210,U00157,view_product,2026-09-11 12:44:06,tablet,social,P0095
2033,U00267,view_home,2026-09-11 13:17:09,mobile,direct,
2034,U00267,view_product,2026-09-11 13:18:05,mobile,direct,P0063
2035,U00267,view_home,2026-09-11 13:19:15,mobile,direct,
2036,U00267,view_product,2026-09-11 13:19:50,mobile,direct,P0086
2037,U00267,add_to_cart,2026-09-11 13:20:57,mobile,direct,P0086
883,U00116,view_home,2026-09-11 13:38:03,desktop,email,
884,U00116,view_product,2026-09-11 13:38:30,desktop,email,P0032
2215,U00292,view_home,2026-09-11 14:41:08,mobile,direct,
2216,U00292,view_product,2026-09-11 14:42:30,mobile,direct,P0093
2217,U00292,view_home,2026-09-11 14:43:37,mobile,direct,
2218,U00292,view_product,2026-09-11 14:46:22,mobile,direct,P0112
3383,U00446,view_home,2026-09-11 14:48:49,tablet,paid_search,
2219,U00292,add_to_cart,2026-09-11 14:49:22,mobile,direct,P0112
3384,U00446,view_product,2026-09-11 14:49:23,tablet,paid_search,P0073
2220,U00292,checkout,2026-09-11 14:50:02,mobile,direct,P0112
2221,U00292,purchase,2026-09-11 14:50:14,mobile,direct,P0112
3385,U00446,view_home,2026-09-11 14:51:13,tablet,paid_search,
2794,U00366,view_home,2026-09-11 15:23:05,desktop,direct,
2795,U00366,view_product,2026-09-11 15:24:12,desktop,direct,P0008
2796,U00366,view_home,2026-09-11 15:25:02,desktop,direct,
2797,U00366,view_product,2026-09-11 15:26:26,desktop,direct,P0115
3585,U00469,view_home,2026-09-11 15:31:18,mobile,paid_search,
3586,U00469,view_product,2026-09-11 15:32:37,mobile,paid_search,P0050
3587,U00469,view_home,2026-09-11 15:33:01,mobile,paid_search,
3588,U00469,view_product,2026-09-11 15:34:14,mobile,paid_search,P0073
3589,U00469,view_home,2026-09-11 15:34:45,mobile,paid_search,
3082,U00405,view_home,2026-09-11 15:39:26,mobile,direct,
1401,U00181,view_home,2026-09-11 15:48:07,desktop,email,
1402,U00181,view_product,2026-09-11 15:50:09,desktop,email,P0046
1793,U00239,view_home,2026-09-11 16:18:17,desktop,organic_search,
1794,U00239,view_product,2026-09-11 16:18:44,desktop,organic_search,P0090
736,U00095,view_home,2026-09-11 16:49:14,desktop,email,
737,U00095,view_product,2026-09-11 16:49:44,desktop,email,P0062
738,U00095,view_home,2026-09-11 16:50:29,desktop,email,
739,U00095,view_product,2026-09-11 16:51:58,desktop,email,P0042
740,U00095,add_to_cart,2026-09-11 16:54:11,desktop,email,P0042
1966,U00259,view_home,2026-09-11 18:07:21,mobile,direct,
1967,U00259,view_product,2026-09-11 18:07:59,mobile,direct,P0023
642,U00085,view_home,2026-09-11 18:13:17,mobile,social,
643,U00085,view_product,2026-09-11 18:14:14,mobile,social,P0020
644,U00085,view_home,2026-09-11 18:14:57,mobile,social,
645,U00085,view_product,2026-09-11 18:17:06,mobile,social,P0041
646,U00085,add_to_cart,2026-09-11 18:17:50,mobile,social,P0041
838,U00110,view_home,2026-09-11 18:19:36,desktop,organic_search,
839,U00110,view_product,2026-09-11 18:21:13,desktop,organic_search,P0068
860,U00113,view_home,2026-09-11 18:23:53,tablet,organic_search,
861,U00113,view_product,2026-09-11 18:24:28,tablet,organic_search,P0008
862,U00113,view_home,2026-09-11 18:25:04,tablet,organic_search,
863,U00113,view_product,2026-09-11 18:27:08,tablet,organic_search,P0040
193,U00029,view_home,2026-09-11 18:57:31,mobile,direct,
194,U00029,view_product,2026-09-11 18:58:41,mobile,direct,P0102
195,U00029,add_to_cart,2026-09-11 19:00:50,mobile,direct,P0102
2798,U00366,add_to_cart,2026-09-11 19:05:26,desktop,direct,P0115
2799,U00366,checkout,2026-09-11 19:05:59,desktop,direct,P0115
2800,U00366,purchase,2026-09-11 19:08:22,desktop,direct,P0115
619,U00083,view_home,2026-09-11 19:16:34,tablet,direct,
620,U00083,view_product,2026-09-11 19:17:27,tablet,direct,P0058
621,U00083,view_home,2026-09-11 19:19:23,tablet,direct,
622,U00083,view_product,2026-09-11 19:20:16,tablet,direct,P0049
623,U00083,view_home,2026-09-11 19:20:31,tablet,direct,
624,U00083,view_product,2026-09-11 19:22:57,tablet,direct,P0048
625,U00083,add_to_cart,2026-09-11 19:23:35,tablet,direct,P0048
626,U00083,checkout,2026-09-11 19:25:58,tablet,direct,P0048
627,U00083,purchase,2026-09-11 19:26:06,tablet,direct,P0048
688,U00091,view_home,2026-09-11 20:16:44,mobile,social,
689,U00091,view_product,2026-09-11 20:17:56,mobile,social,P0118
690,U00091,view_home,2026-09-11 20:18:06,mobile,social,
691,U00091,view_product,2026-09-11 20:18:40,mobile,social,P0028
692,U00091,view_home,2026-09-11 20:20:40,mobile,social,
387,U00052,view_home,2026-09-11 20:50:14,desktop,paid_search,
388,U00052,view_product,2026-09-11 20:53:09,desktop,paid_search,P0014
389,U00052,add_to_cart,2026-09-11 20:55:57,desktop,paid_search,P0014
2833,U00371,view_home,2026-09-12 06:14:55,tablet,social,
2834,U00371,view_product,2026-09-12 06:15:42,tablet,social,P0047
2835,U00371,view_home,2026-09-12 06:17:21,tablet,social,
3663,U00482,view_home,2026-09-12 06:49:57,tablet,direct,
3090,U00407,view_home,2026-09-12 07:21:43,tablet,direct,
3091,U00407,view_product,2026-09-12 07:22:28,tablet,direct,P0105
3092,U00407,view_home,2026-09-12 07:23:13,tablet,direct,
3456,U00453,view_home,2026-09-12 08:04:00,mobile,direct,
3664,U00482,view_product,2026-09-12 08:17:57,tablet,direct,P0117
3665,U00482,add_to_cart,2026-09-12 08:18:38,tablet,direct,P0117
3666,U00482,checkout,2026-09-12 08:21:28,tablet,direct,P0117
3667,U00482,purchase,2026-09-12 08:21:40,tablet,direct,P0117
2546,U00334,view_home,2026-09-12 09:03:22,tablet,paid_search,
2547,U00334,view_product,2026-09-12 09:05:53,tablet,paid_search,P0006
122,U00018,view_home,2026-09-12 09:35:12,mobile,direct,
123,U00018,view_product,2026-09-12 09:35:59,mobile,direct,P0080
124,U00018,view_home,2026-09-12 09:36:44,mobile,direct,
125,U00018,view_product,2026-09-12 09:38:13,mobile,direct,P0109
126,U00018,view_home,2026-09-12 09:38:33,mobile,direct,
127,U00018,view_product,2026-09-12 09:40:00,mobile,direct,P0009
3093,U00407,view_product,2026-09-12 10:04:13,tablet,direct,P0088
3094,U00407,add_to_cart,2026-09-12 10:06:08,tablet,direct,P0088
3095,U00407,checkout,2026-09-12 10:08:49,tablet,direct,P0088
3096,U00407,purchase,2026-09-12 10:11:24,tablet,direct,P0088
1216,U00157,view_home,2026-09-12 11:28:56,mobile,social,
1563,U00203,view_home,2026-09-12 12:33:27,desktop,organic_search,
1564,U00203,view_product,2026-09-12 12:34:55,desktop,organic_search,P0050
1565,U00203,view_home,2026-09-12 12:35:29,desktop,organic_search,
2899,U00382,view_home,2026-09-12 12:43:10,mobile,organic_search,
1803,U00242,view_home,2026-09-12 13:06:30,mobile,paid_search,
773,U00101,view_home,2026-09-12 13:52:00,mobile,organic_search,
774,U00101,view_product,2026-09-12 13:52:30,mobile,organic_search,P0058
775,U00101,view_home,2026-09-12 13:53:50,mobile,organic_search,
2368,U00315,view_home,2026-09-12 14:06:15,tablet,organic_search,
2369,U00315,view_product,2026-09-12 14:07:08,tablet,organic_search,P0106
2370,U00315,view_home,2026-09-12 14:08:29,tablet,organic_search,
2371,U00315,view_product,2026-09-12 14:09:19,tablet,organic_search,P0050
2372,U00315,view_home,2026-09-12 14:09:46,tablet,organic_search,
677,U00091,view_home,2026-09-12 14:52:52,desktop,organic_search,
678,U00091,view_product,2026-09-12 14:54:10,desktop,organic_search,P0069
679,U00091,add_to_cart,2026-09-12 14:56:26,desktop,organic_search,P0069
776,U00101,view_product,2026-09-12 15:22:50,mobile,organic_search,P0095
777,U00101,add_to_cart,2026-09-12 15:23:14,mobile,organic_search,P0095
1482,U00192,view_home,2026-09-12 15:48:41,mobile,paid_search,
1483,U00192,view_product,2026-09-12 15:49:56,mobile,paid_search,P0020
1484,U00192,view_home,2026-09-12 15:51:19,mobile,paid_search,
1485,U00192,view_product,2026-09-12 15:52:49,mobile,paid_search,P0068
1486,U00192,add_to_cart,2026-09-12 15:53:14,mobile,paid_search,P0068
1487,U00192,checkout,2026-09-12 15:54:07,mobile,paid_search,P0068
1804,U00242,view_product,2026-09-12 16:42:30,mobile,paid_search,P0090
864,U00114,view_home,2026-09-12 19:30:07,tablet,paid_search,
2042,U00269,view_home,2026-09-12 19:40:57,tablet,direct,
2043,U00269,view_product,2026-09-12 19:43:14,tablet,direct,P0102
2044,U00269,add_to_cart,2026-09-12 19:45:40,tablet,direct,P0102
1929,U00255,view_home,2026-09-12 20:27:45,desktop,paid_search,
2150,U00285,view_home,2026-09-12 20:36:16,tablet,organic_search,
2151,U00285,view_product,2026-09-12 20:38:05,tablet,organic_search,P0001
605,U00082,view_home,2026-09-12 21:01:46,desktop,paid_search,
606,U00082,view_product,2026-09-12 21:02:01,desktop,paid_search,P0068
607,U00082,view_home,2026-09-12 21:03:03,desktop,paid_search,
608,U00082,view_product,2026-09-12 21:05:35,desktop,paid_search,P0088
609,U00082,add_to_cart,2026-09-12 21:07:52,desktop,paid_search,P0088
610,U00082,checkout,2026-09-12 21:08:42,desktop,paid_search,P0088
611,U00082,purchase,2026-09-12 21:09:19,desktop,paid_search,P0088
3437,U00451,view_home,2026-09-12 21:14:55,tablet,organic_search,
3438,U00451,view_product,2026-09-12 21:15:31,tablet,organic_search,P0018
3439,U00451,view_home,2026-09-12 21:16:51,tablet,organic_search,
3440,U00451,view_product,2026-09-12 21:19:51,tablet,organic_search,P0082
3441,U00451,add_to_cart,2026-09-12 21:22:03,tablet,organic_search,P0082
107,U00017,view_home,2026-09-12 21:43:47,tablet,paid_search,
108,U00017,view_product,2026-09-12 21:44:04,tablet,paid_search,P0035
865,U00114,view_product,2026-09-12 22:12:07,tablet,paid_search,P0016
3283,U00434,view_home,2026-09-12 22:36:29,desktop,paid_search,
1345,U00175,view_home,2026-09-13 06:39:23,mobile,paid_search,
1346,U00175,view_product,2026-09-13 06:41:13,mobile,paid_search,P0084
1347,U00175,add_to_cart,2026-09-13 06:43:51,mobile,paid_search,P0084
2113,U00279,view_home,2026-09-13 08:13:18,tablet,paid_search,
2114,U00279,view_product,2026-09-13 08:14:31,tablet,paid_search,P0110
2115,U00279,add_to_cart,2026-09-13 08:15:39,tablet,paid_search,P0110
2116,U00279,checkout,2026-09-13 08:16:28,tablet,paid_search,P0110
1236,U00161,view_home,2026-09-13 08:47:56,desktop,direct,
612,U00082,view_home,2026-09-13 09:44:21,tablet,social,
613,U00082,view_product,2026-09-13 09:46:25,tablet,social,P0063
614,U00082,add_to_cart,2026-09-13 09:48:57,tablet,social,P0063
615,U00082,checkout,2026-09-13 09:50:23,tablet,social,P0063
223,U00033,view_home,2026-09-13 10:14:57,mobile,social,
224,U00033,view_product,2026-09-13 10:15:27,mobile,social,P0055
225,U00033,view_home,2026-09-13 10:15:46,mobile,social,
226,U00033,view_product,2026-09-13 10:17:02,mobile,social,P0085
1348,U00175,checkout,2026-09-13 10:18:51,mobile,paid_search,P0084
1349,U00175,purchase,2026-09-13 10:20:11,mobile,paid_search,P0084
1197,U00155,view_home,2026-09-13 10:33:40,desktop,organic_search,
1198,U00155,view_product,2026-09-13 10:34:11,desktop,organic_search,P0097
1199,U00155,view_home,2026-09-13 10:35:25,desktop,organic_search,
1200,U00155,view_product,2026-09-13 10:35:59,desktop,organic_search,P0089
1237,U00161,view_product,2026-09-13 12:45:56,desktop,direct,P0092
3618,U00473,view_home,2026-09-13 13:10:24,tablet,paid_search,
3619,U00473,view_product,2026-09-13 13:11:34,tablet,paid_search,P0117
525,U00070,view_home,2026-09-13 13:23:33,mobile,direct,
526,U00070,view_product,2026-09-13 13:23:58,mobile,direct,P0057
527,U00070,view_home,2026-09-13 13:24:56,mobile,direct,
528,U00070,view_product,2026-09-13 13:27:39,mobile,direct,P0010
529,U00070,add_to_cart,2026-09-13 13:29:08,mobile,direct,P0010
3361,U00443,view_home,2026-09-13 13:34:20,desktop,direct,
3362,U00443,view_product,2026-09-13 13:36:00,desktop,direct,P0113
3363,U00443,add_to_cart,2026-09-13 13:38:54,desktop,direct,P0113
3364,U00443,checkout,2026-09-13 13:40:17,desktop,direct,P0113
3365,U00443,purchase,2026-09-13 13:40:36,desktop,direct,P0113
680,U00091,view_home,2026-09-13 13:50:18,desktop,organic_search,
681,U00091,view_product,2026-09-13 13:52:40,desktop,organic_search,P0118
682,U00091,add_to_cart,2026-09-13 13:54:29,desktop,organic_search,P0118
683,U00091,checkout,2026-09-13 13:56:34,desktop,organic_search,P0118
684,U00091,purchase,2026-09-13 13:57:39,desktop,organic_search,P0118
2649,U00348,view_home,2026-09-13 14:05:18,desktop,social,
2650,U00348,view_product,2026-09-13 14:07:15,desktop,social,P0063
1238,U00161,add_to_cart,2026-09-13 14:18:56,desktop,direct,P0092
433,U00057,view_home,2026-09-13 16:23:03,mobile,direct,
434,U00057,view_product,2026-09-13 16:23:52,mobile,direct,P0099
1783,U00238,view_home,2026-09-13 16:43:02,desktop,social,
1784,U00238,view_product,2026-09-13 16:43:30,desktop,social,P0041
1785,U00238,view_home,2026-09-13 16:44:45,desktop,social,
2192,U00290,view_home,2026-09-13 16:59:11,desktop,email,
2193,U00290,view_product,2026-09-13 17:01:13,desktop,email,P0086
1786,U00238,view_product,2026-09-13 17:36:45,desktop,social,P0044
1787,U00238,add_to_cart,2026-09-13 17:37:19,desktop,social,P0044
62,U00010,view_home,2026-09-13 17:53:44,tablet,organic_search,
63,U00010,view_product,2026-09-13 17:54:55,tablet,organic_search,P0008
64,U00010,add_to_cart,2026-09-13 17:55:38,tablet,organic_search,P0008
65,U00010,checkout,2026-09-13 17:56:49,tablet,organic_search,P0008
1946,U00256,view_home,2026-09-13 18:13:31,desktop,social,
1947,U00256,view_product,2026-09-13 18:13:53,desktop,social,P0051
370,U00049,view_home,2026-09-13 18:21:05,tablet,direct,
371,U00049,view_product,2026-09-13 18:21:15,tablet,direct,P0029
372,U00049,view_home,2026-09-13 18:22:10,tablet,direct,
3296,U00435,view_home,2026-09-13 18:26:40,tablet,organic_search,
3297,U00435,view_product,2026-09-13 18:27:20,tablet,organic_search,P0071
3298,U00435,add_to_cart,2026-09-13 18:28:03,tablet,organic_search,P0071
3299,U00435,checkout,2026-09-13 18:30:48,tablet,organic_search,P0071
1776,U00236,view_home,2026-09-13 18:50:42,mobile,direct,
2413,U00320,view_home,2026-09-13 20:15:10,desktop,direct,
2414,U00320,view_product,2026-09-13 20:17:50,desktop,direct,P0067
808,U00106,view_home,2026-09-13 20:50:23,desktop,paid_search,
809,U00106,view_product,2026-09-13 20:50:35,desktop,paid_search,P0036
810,U00106,view_home,2026-09-13 20:52:30,desktop,paid_search,
811,U00106,view_product,2026-09-13 20:53:11,desktop,paid_search,P0097
812,U00106,add_to_cart,2026-09-13 20:54:22,desktop,paid_search,P0097
234,U00034,view_home,2026-09-13 20:57:12,mobile,social,
235,U00034,view_product,2026-09-13 20:57:39,mobile,social,P0061
236,U00034,view_home,2026-09-13 20:58:50,mobile,social,
237,U00034,view_product,2026-09-13 20:59:44,mobile,social,P0006
1225,U00159,view_home,2026-09-13 22:07:22,mobile,direct,
1226,U00159,view_product,2026-09-13 22:07:41,mobile,direct,P0050
1227,U00159,view_home,2026-09-13 22:08:18,mobile,direct,
1228,U00159,view_product,2026-09-13 22:10:38,mobile,direct,P0118
885,U00117,view_home,2026-09-13 22:25:09,desktop,paid_search,
886,U00117,view_product,2026-09-13 22:25:19,desktop,paid_search,P0052
887,U00117,view_home,2026-09-13 22:25:32,desktop,paid_search,
418,U00056,view_home,2026-09-13 22:36:38,tablet,organic_search,
419,U00056,view_product,2026-09-13 22:37:48,tablet,organic_search,P0047
420,U00056,view_home,2026-09-13 22:37:55,tablet,organic_search,
421,U00056,view_product,2026-09-13 22:38:57,tablet,organic_search,P0083
422,U00056,add_to_cart,2026-09-13 22:39:54,tablet,organic_search,P0083
423,U00056,checkout,2026-09-13 22:40:21,tablet,organic_search,P0083
424,U00056,purchase,2026-09-13 22:42:38,tablet,organic_search,P0083
1381,U00179,view_home,2026-09-14 06:09:11,desktop,paid_search,
1382,U00179,view_product,2026-09-14 06:10:25,desktop,paid_search,P0049
1383,U00179,add_to_cart,2026-09-14 06:11:41,desktop,paid_search,P0049
2058,U00272,view_home,2026-09-14 07:11:32,mobile,organic_search,
558,U00075,view_home,2026-09-14 08:00:02,desktop,organic_search,
559,U00075,view_product,2026-09-14 08:01:55,desktop,organic_search,P0057
560,U00075,add_to_cart,2026-09-14 08:04:03,desktop,organic_search,P0057
46,U00010,view_home,2026-09-14 09:39:42,tablet,email,
47,U00010,view_product,2026-09-14 09:41:10,tablet,email,P0048
48,U00010,view_home,2026-09-14 09:42:11,tablet,email,
49,U00010,view_product,2026-09-14 09:43:22,tablet,email,P0058
50,U00010,view_home,2026-09-14 09:43:42,tablet,email,
51,U00010,view_product,2026-09-14 10:23:42,tablet,email,P0052
281,U00042,view_home,2026-09-14 10:33:10,mobile,email,
282,U00042,view_product,2026-09-14 10:34:16,mobile,email,P0014
2059,U00272,view_product,2026-09-14 10:34:32,mobile,organic_search,P0044
283,U00042,view_home,2026-09-14 10:34:51,mobile,email,
284,U00042,view_product,2026-09-14 10:35:44,mobile,email,P0074
285,U00042,view_home,2026-09-14 10:36:34,mobile,email,
286,U00042,view_product,2026-09-14 10:37:57,mobile,email,P0026
287,U00042,add_to_cart,2026-09-14 10:39:46,mobile,email,P0026
288,U00042,checkout,2026-09-14 10:40:06,mobile,email,P0026
1202,U00156,view_home,2026-09-14 11:14:10,tablet,organic_search,
1203,U00156,view_product,2026-09-14 11:15:38,tablet,organic_search,P0119
2283,U00303,view_home,2026-09-14 12:17:06,tablet,direct,
951,U00125,view_home,2026-09-14 12:24:07,tablet,social,
952,U00125,view_product,2026-09-14 12:26:21,tablet,social,P0019
953,U00125,add_to_cart,2026-09-14 12:26:38,tablet,social,P0019
954,U00125,checkout,2026-09-14 12:27:42,tablet,social,P0019
955,U00125,purchase,2026-09-14 12:29:14,tablet,social,P0019
2643,U00346,view_home,2026-09-14 13:18:52,tablet,paid_search,
2644,U00346,view_product,2026-09-14 13:20:04,tablet,paid_search,P0036
2645,U00346,view_home,2026-09-14 13:21:38,tablet,paid_search,
751,U00097,view_home,2026-09-14 13:36:53,tablet,organic_search,
752,U00097,view_product,2026-09-14 13:38:06,tablet,organic_search,P0077
753,U00097,view_home,2026-09-14 13:39:32,tablet,organic_search,
754,U00097,view_product,2026-09-14 13:39:47,tablet,organic_search,P0014
755,U00097,view_home,2026-09-14 13:41:30,tablet,organic_search,
756,U00097,view_product,2026-09-14 13:42:20,tablet,organic_search,P0102
3724,U00492,view_home,2026-09-14 14:05:42,mobile,direct,
2227,U00293,view_home,2026-09-14 14:06:20,mobile,direct,
2228,U00293,view_product,2026-09-14 14:07:39,mobile,direct,P0032
2229,U00293,view_home,2026-09-14 14:08:09,mobile,direct,
2230,U00293,view_product,2026-09-14 14:09:57,mobile,direct,P0003
2284,U00303,view_product,2026-09-14 14:17:06,tablet,direct,P0100
2285,U00303,add_to_cart,2026-09-14 14:17:46,tablet,direct,P0100
1467,U00190,view_home,2026-09-14 14:39:07,tablet,social,
1468,U00190,view_product,2026-09-14 14:39:38,tablet,social,P0020
3725,U00492,view_product,2026-09-14 15:15:42,mobile,direct,P0090
3726,U00492,add_to_cart,2026-09-14 15:16:46,mobile,direct,P0090
2490,U00328,view_home,2026-09-14 15:47:12,mobile,email,
6,U00001,view_home,2026-09-14 15:55:13,mobile,paid_search,
1639,U00212,view_home,2026-09-14 16:49:51,tablet,social,
1640,U00212,view_product,2026-09-14 16:51:10,tablet,social,P0047
1641,U00212,view_home,2026-09-14 16:51:19,tablet,social,
1642,U00212,view_product,2026-09-14 16:51:35,tablet,social,P0099
1643,U00212,view_home,2026-09-14 16:52:18,tablet,social,
1644,U00212,view_product,2026-09-14 16:52:43,tablet,social,P0023
1648,U00214,view_home,2026-09-14 17:00:34,tablet,email,
1649,U00214,view_product,2026-09-14 17:01:19,tablet,email,P0034
1650,U00214,view_home,2026-09-14 17:02:31,tablet,email,
1651,U00214,view_product,2026-09-14 17:03:12,tablet,email,P0055
1012,U00134,view_home,2026-09-14 17:20:32,tablet,social,
1013,U00134,view_product,2026-09-14 17:23:10,tablet,social,P0101
2231,U00293,add_to_cart,2026-09-14 17:25:57,mobile,direct,P0003
500,U00066,view_home,2026-09-14 17:36:32,desktop,email,
3016,U00397,view_home,2026-09-14 18:23:02,mobile,email,
3017,U00397,view_product,2026-09-14 18:23:19,mobile,email,P0012
3018,U00397,view_home,2026-09-14 18:25:07,mobile,email,
566,U00077,view_home,2026-09-14 18:50:02,mobile,email,
2569,U00339,view_home,2026-09-14 19:05:53,desktop,social,
2570,U00339,view_product,2026-09-14 19:06:02,desktop,social,P0112
2571,U00339,add_to_cart,2026-09-14 19:06:59,desktop,social,P0112
2572,U00339,checkout,2026-09-14 19:07:59,desktop,social,P0112
2573,U00339,purchase,2026-09-14 19:10:27,desktop,social,P0112
704,U00092,view_home,2026-09-14 19:10:58,desktop,social,
705,U00092,view_product,2026-09-14 19:11:09,desktop,social,P0013
706,U00092,view_home,2026-09-14 19:12:09,desktop,social,
707,U00092,view_product,2026-09-14 19:12:43,desktop,social,P0108
708,U00092,view_home,2026-09-14 19:12:57,desktop,social,
709,U00092,view_product,2026-09-14 19:15:37,desktop,social,P0096
710,U00092,add_to_cart,2026-09-14 19:15:52,desktop,social,P0096
1889,U00250,view_home,2026-09-14 19:19:18,mobile,paid_search,
1890,U00250,view_product,2026-09-14 19:19:30,mobile,paid_search,P0017
1891,U00250,add_to_cart,2026-09-14 19:21:35,mobile,paid_search,P0017
1178,U00154,view_home,2026-09-14 19:52:42,desktop,email,
1179,U00154,view_product,2026-09-14 19:53:24,desktop,email,P0058
1180,U00154,view_home,2026-09-14 19:55:12,desktop,email,
1181,U00154,view_product,2026-09-14 19:55:34,desktop,email,P0018
1182,U00154,view_home,2026-09-14 19:56:31,desktop,email,
1183,U00154,view_product,2026-09-14 19:58:50,desktop,email,P0051
1184,U00154,add_to_cart,2026-09-14 20:00:18,desktop,email,P0051
1519,U00197,view_home,2026-09-14 20:58:12,mobile,social,
3284,U00435,view_home,2026-09-14 21:12:02,desktop,email,
3285,U00435,view_product,2026-09-14 21:13:23,desktop,email,P0095
3286,U00435,view_home,2026-09-14 21:14:46,desktop,email,
3287,U00435,view_product,2026-09-14 21:15:01,desktop,email,P0114
3288,U00435,view_home,2026-09-14 21:16:16,desktop,email,
3289,U00435,view_product,2026-09-14 21:16:34,desktop,email,P0010
3290,U00435,add_to_cart,2026-09-14 21:17:39,desktop,email,P0010
